Date,Time,Alt(m),VSpd(m/s),RSSI(dB),RxBt(V),VFAS(V),Rud,Ele,Thr,Ail,P1,P2,P3,SL1,SL2,SL3,SL4,SA,SB,SC,SD,SE,SF,SG,SH,LSW,CH1(us),CH2(us),CH3(us),CH4(us),CH5(us),CH6(us),CH7(us),CH8(us),CH9(us),CH10(us),CH11(us),CH12(us),CH13(us),CH14(us),CH15(us),CH16(us),CH17(us),CH18(us),CH19(us),CH20(us),CH21(us),CH22(us),CH23(us),CH24(us),CH25(us),CH26(us),CH27(us),CH28(us),CH29(us),CH30(us),CH31(us),CH32(us),TxBat(V)
2025-05-21,07:01:34.890,0.0,0.0,0,0.0,0.00,0,0,-1024,0,0,-1024,0,1024,-60,1024,0,-1,1,1,0,0,-1,0,-1,0x0000000000000007,1185,1473,988,1527,1803,1500,1500,1500,1500,1500,1500,1500,1500,1500,1500,1500,1500,1500,1500,1500,1500,1500,1500,1500,1500,1500,1500,1500,1500,1500,1500,1500,9.5
2025-05-21,07:01:35.370,0.0,0.0,0,0.0,0.00,0,0,-1024,0,0,-1024,0,1024,-60,1024,0,-1,1,1,0,0,-1,0,-1,0x0000000000000007,1185,1473,988,1527,1803,1500,1500,1500,1500,1500,1500,1500,1500,1500,1500,1500,1500,1500,1500,1500,1500,1500,1500,1500,1500,1500,1500,1500,1500,1500,1500,1500,9.5
2025-05-21,07:01:35.980,0.0,0.0,0,0.0,0.00,0,0,-1024,0,0,-1024,0,1024,-60,1024,0,-1,1,1,0,0,-1,0,-1,0x0000000000000007,1185,1473,988,1527,1803,1500,1500,1500,1500,1500,1500,1500,1500,1500,1500,1500,1500,1500,1500,1500,1500,1500,1500,1500,1500,1500,1500,1500,1500,1500,1500,1500,9.5
2025-05-21,07:01:36.500,0.0,0.0,0,0.0,0.00,0,0,-1024,0,0,-1024,0,1024,-60,1024,0,-1,1,1,0,0,-1,0,-1,0x0000000000000007,1185,1473,988,1527,1803,1500,1500,1500,1500,1500,1500,1500,1500,1500,1500,1500,1500,1500,1500,1500,1500,1500,1500,1500,1500,1500,1500,1500,1500,1500,1500,1500,9.5
2025-05-21,07:01:37.010,0.0,0.0,0,0.0,0.00,0,0,-1024,0,0,-1024,0,1024,-60,1024,0,-1,1,1,0,0,-1,0,-1,0x0000000000000007,1185,1473,988,1527,1803,1500,1500,1500,1500,1500,1500,1500,1500,1500,1500,1500,1500,1500,1500,1500,1500,1500,1500,1500,1500,1500,1500,1500,1500,1500,1500,1500,9.5
2025-05-21,07:01:37.520,0.0,0.0,0,0.0,0.00,0,0,-1024,0,0,-1024,0,1024,-60,1024,0,-1,1,1,0,0,-1,0,-1,0x0000000000000007,1185,1473,988,1527,1803,1500,1500,1500,1500,1500,1500,1500,1500,1500,1500,1500,1500,1500,1500,1500,1500,1500,1500,1500,1500,1500,1500,1500,1500,1500,1500,1500,9.5
2025-05-21,07:01:38.040,0.0,0.0,0,0.0,0.00,0,0,-1024,0,0,-1024,0,1024,-60,1024,0,-1,1,1,0,0,-1,0,-1,0x0000000000000007,1185,1473,988,1527,1803,1500,1500,1500,1500,1500,1500,1500,1500,1500,1500,1500,1500,1500,1500,1500,1500,1500,1500,1500,1500,1500,1500,1500,1500,1500,1500,1500,9.5
2025-05-21,07:01:38.540,0.0,0.0,0,0.0,0.00,0,0,-1024,0,0,-1024,0,1024,-60,1024,0,-1,1,1,0,0,-1,0,-1,0x0000000000000007,1185,1473,988,1527,1803,1500,1500,1500,1500,1500,1500,1500,1500,1500,1500,1500,1500,1500,1500,1500,1500,1500,1500,1500,1500,1500,1500,1500,1500,1500,1500,1500,9.5
2025-05-21,07:01:39.070,0.0,0.0,0,0.0,0.00,0,0,-1024,0,0,-1024,0,1024,-60,1024,0,-1,1,1,0,0,-1,0,-1,0x0000000000000007,1185,1473,988,1527,1803,1500,1500,1500,1500,1500,1500,1500,1500,1500,1500,1500,1500,1500,1500,1500,1500,1500,1500,1500,1500,1500,1500,1500,1500,1500,1500,1500,9.5
2025-05-21,07:01:39.580,0.0,0.0,0,0.0,0.00,0,0,-1024,0,0,-1024,0,1024,-60,1024,0,-1,1,1,0,0,-1,0,-1,0x0000000000000007,1185,1473,988,1527,1803,1500,1500,1500,1500,1500,1500,1500,1500,1500,1500,1500,1500,1500,1500,1500,1500,1500,1500,1500,1500,1500,1500,1500,1500,1500,1500,1500,9.5
2025-05-21,07:01:40.100,0.0,0.0,0,0.0,0.00,0,0,-1024,0,0,-1024,0,1024,-60,1024,0,-1,1,1,0,0,-1,0,-1,0x0000000000000007,1185,1473,988,1527,1803,1500,1500,1500,1500,1500,1500,1500,1500,1500,1500,1500,1500,1500,1500,1500,1500,1500,1500,1500,1500,1500,1500,1500,1500,1500,1500,1500,9.5
2025-05-21,07:01:40.620,0.0,0.0,0,0.0,0.00,0,0,-1024,0,0,-1024,0,1024,-60,1024,0,-1,1,1,0,0,-1,0,-1,0x0000000000000007,1185,1473,988,1527,1803,1500,1500,1500,1500,1500,1500,1500,1500,1500,1500,1500,1500,1500,1500,1500,1500,1500,1500,1500,1500,1500,1500,1500,1500,1500,1500,1500,9.5
2025-05-21,07:01:41.130,0.0,0.0,0,0.0,0.00,0,0,-1024,0,0,-1024,0,1024,-60,1024,0,-1,1,1,0,0,-1,0,-1,0x0000000000000007,1185,1473,988,1527,1803,1500,1500,1500,1500,1500,1500,1500,1500,1500,1500,1500,1500,1500,1500,1500,1500,1500,1500,1500,1500,1500,1500,1500,1500,1500,1500,1500,9.5
2025-05-21,07:01:41.650,0.0,0.0,0,0.0,0.00,0,0,-1024,0,0,-1024,0,1024,-60,1024,0,-1,1,1,0,0,-1,0,-1,0x0000000000000007,1185,1473,988,1527,1803,1500,1500,1500,1500,1500,1500,1500,1500,1500,1500,1500,1500,1500,1500,1500,1500,1500,1500,1500,1500,1500,1500,1500,1500,1500,1500,1500,9.5
2025-05-21,07:01:42.170,0.0,0.0,0,0.0,0.00,0,0,-1024,0,0,-1024,0,1024,-60,1024,0,-1,1,1,0,0,-1,0,-1,0x0000000000000007,1185,1473,988,1527,1803,1500,1500,1500,1500,1500,1500,1500,1500,1500,1500,1500,1500,1500,1500,1500,1500,1500,1500,1500,1500,1500,1500,1500,1500,1500,1500,1500,9.5
2025-05-21,07:01:42.690,0.0,0.0,0,0.0,0.00,0,0,-1024,0,0,-1024,0,1024,-60,1024,0,-1,1,1,0,0,-1,0,-1,0x0000000000000007,1185,1473,988,1527,1803,1500,1500,1500,1500,1500,1500,1500,1500,1500,1500,1500,1500,1500,1500,1500,1500,1500,1500,1500,1500,1500,1500,1500,1500,1500,1500,1500,9.5
2025-05-21,07:01:43.200,0.0,0.0,0,0.0,0.00,0,0,-1024,0,0,-1024,0,1024,-60,1024,0,-1,1,1,0,0,-1,0,-1,0x0000000000000007,1185,1473,988,1527,1803,1500,1500,1500,1500,1500,1500,1500,1500,1500,1500,1500,1500,1500,1500,1500,1500,1500,1500,1500,1500,1500,1500,1500,1500,1500,1500,1500,9.5
2025-05-21,07:01:43.700,0.0,0.0,0,0.0,0.00,0,0,-1024,0,0,-1024,0,1024,-60,1024,0,-1,1,1,0,0,-1,0,-1,0x0000000000000007,1185,1473,988,1527,1803,1500,1500,1500,1500,1500,1500,1500,1500,1500,1500,1500,1500,1500,1500,1500,1500,1500,1500,1500,1500,1500,1500,1500,1500,1500,1500,1500,9.5
2025-05-21,07:01:44.220,0.0,0.0,0,0.0,0.00,0,0,-1024,0,0,-1024,0,1024,-60,1024,0,-1,1,1,0,0,-1,0,-1,0x0000000000000007,1185,1473,988,1527,1803,1500,1500,1500,1500,1500,1500,1500,1500,1500,1500,1500,1500,1500,1500,1500,1500,1500,1500,1500,1500,1500,1500,1500,1500,1500,1500,1500,9.5
2025-05-21,07:01:44.730,0.0,0.0,0,0.0,0.00,0,0,-1024,0,0,-1024,0,1024,-60,1024,0,-1,1,1,0,0,-1,0,-1,0x0000000000000007,1185,1473,988,1527,1803,1500,1500,1500,1500,1500,1500,1500,1500,1500,1500,1500,1500,1500,1500,1500,1500,1500,1500,1500,1500,1500,1500,1500,1500,1500,1500,1500,9.5
2025-05-21,07:01:45.260,0.0,0.0,0,0.0,0.00,0,0,-1024,0,0,-1024,0,1024,-60,1024,0,-1,1,1,0,0,-1,0,-1,0x0000000000000007,1185,1473,988,1527,1803,1500,1500,1500,1500,1500,1500,1500,1500,1500,1500,1500,1500,1500,1500,1500,1500,1500,1500,1500,1500,1500,1500,1500,1500,1500,1500,1500,9.5
2025-05-21,07:01:45.770,0.0,0.0,0,0.0,0.00,0,0,-1024,0,0,-1024,0,1024,-60,1024,0,-1,1,1,0,0,-1,0,-1,0x0000000000000007,1185,1473,988,1527,1803,1500,1500,1500,1500,1500,1500,1500,1500,1500,1500,1500,1500,1500,1500,1500,1500,1500,1500,1500,1500,1500,1500,1500,1500,1500,1500,1500,9.5
2025-05-21,07:01:46.260,0.0,0.0,0,0.0,0.00,0,0,-1024,0,0,-1024,0,1024,-60,1024,0,-1,1,1,0,0,-1,0,-1,0x0000000000000007,1185,1473,988,1527,1803,1500,1500,1500,1500,1500,1500,1500,1500,1500,1500,1500,1500,1500,1500,1500,1500,1500,1500,1500,1500,1500,1500,1500,1500,1500,1500,1500,9.5
2025-05-21,07:01:46.760,0.0,0.0,0,0.0,0.00,0,0,-1024,0,0,-1024,0,1024,-60,1024,0,-1,1,1,0,0,-1,0,-1,0x0000000000000007,1185,1473,988,1527,1803,1500,1500,1500,1500,1500,1500,1500,1500,1500,1500,1500,1500,1500,1500,1500,1500,1500,1500,1500,1500,1500,1500,1500,1500,1500,1500,1500,9.5
2025-05-21,07:01:47.670,0.0,0.0,0,0.0,0.00,0,0,-1024,0,0,-1024,0,1024,-60,1024,0,-1,1,1,0,0,-1,0,-1,0x0000000000000007,1185,1473,988,1527,1803,1500,1500,1500,1500,1500,1500,1500,1500,1500,1500,1500,1500,1500,1500,1500,1500,1500,1500,1500,1500,1500,1500,1500,1500,1500,1500,1500,9.5
2025-05-21,07:01:48.170,0.0,0.0,0,0.0,0.00,0,0,-1024,0,0,-1024,0,1024,-60,1024,0,-1,1,1,0,0,-1,0,-1,0x0000000000000007,1185,1473,988,1527,1803,1500,1500,1500,1500,1500,1500,1500,1500,1500,1500,1500,1500,1500,1500,1500,1500,1500,1500,1500,1500,1500,1500,1500,1500,1500,1500,1500,9.5
2025-05-21,07:01:48.660,0.0,0.0,0,0.0,0.00,0,0,-1024,0,0,-1024,0,1024,-60,1024,0,-1,1,1,0,0,-1,0,-1,0x0000000000000007,1185,1473,988,1527,1803,1500,1500,1500,1500,1500,1500,1500,1500,1500,1500,1500,1500,1500,1500,1500,1500,1500,1500,1500,1500,1500,1500,1500,1500,1500,1500,1500,9.5
2025-05-21,07:01:49.160,0.0,0.0,0,0.0,0.00,0,0,-1024,0,0,-1024,0,1024,-60,1024,0,-1,1,1,0,0,-1,0,-1,0x0000000000000007,1185,1473,988,1527,1803,1500,1500,1500,1500,1500,1500,1500,1500,1500,1500,1500,1500,1500,1500,1500,1500,1500,1500,1500,1500,1500,1500,1500,1500,1500,1500,1500,9.5
2025-05-21,07:01:49.670,0.0,0.0,0,0.0,0.00,0,0,-1024,0,0,-1024,0,1024,-60,1024,0,-1,1,1,0,0,-1,0,-1,0x0000000000000007,1185,1473,988,1527,1803,1500,1500,1500,1500,1500,1500,1500,1500,1500,1500,1500,1500,1500,1500,1500,1500,1500,1500,1500,1500,1500,1500,1500,1500,1500,1500,1500,9.5
2025-05-21,07:01:50.160,0.0,0.0,0,0.0,0.00,0,0,-1024,0,0,-1024,0,1024,-60,1024,0,-1,1,1,0,0,-1,0,-1,0x0000000000000007,1185,1473,988,1527,1803,1500,1500,1500,1500,1500,1500,1500,1500,1500,1500,1500,1500,1500,1500,1500,1500,1500,1500,1500,1500,1500,1500,1500,1500,1500,1500,1500,9.5
2025-05-21,07:01:50.660,0.0,0.0,0,0.0,0.00,0,0,-1024,0,0,-1024,0,1024,-60,1024,0,-1,1,1,0,0,-1,0,-1,0x0000000000000007,1185,1473,988,1527,1803,1500,1500,1500,1500,1500,1500,1500,1500,1500,1500,1500,1500,1500,1500,1500,1500,1500,1500,1500,1500,1500,1500,1500,1500,1500,1500,1500,9.5
2025-05-21,07:01:51.170,0.0,0.0,0,0.0,0.00,0,0,-1024,0,0,-1024,0,1024,-60,1024,0,-1,1,1,0,0,-1,0,-1,0x0000000000000007,1185,1473,988,1527,1803,1500,1500,1500,1500,1500,1500,1500,1500,1500,1500,1500,1500,1500,1500,1500,1500,1500,1500,1500,1500,1500,1500,1500,1500,1500,1500,1500,9.5
2025-05-21,07:01:51.660,0.0,0.0,0,0.0,0.00,0,0,-1024,0,0,-1024,0,1024,-60,1024,0,-1,1,1,0,0,-1,0,-1,0x0000000000000007,1185,1473,988,1527,1803,1500,1500,1500,1500,1500,1500,1500,1500,1500,1500,1500,1500,1500,1500,1500,1500,1500,1500,1500,1500,1500,1500,1500,1500,1500,1500,1500,9.5
2025-05-21,07:01:52.200,0.0,0.0,0,0.0,0.00,0,0,-1024,0,0,-1024,0,1024,-60,1024,0,-1,1,1,0,0,-1,0,-1,0x0000000000000007,1185,1473,988,1527,1803,1500,1500,1500,1500,1500,1500,1500,1500,1500,1500,1500,1500,1500,1500,1500,1500,1500,1500,1500,1500,1500,1500,1500,1500,1500,1500,1500,9.5
2025-05-21,07:01:52.700,0.0,0.0,0,0.0,0.00,0,0,-1024,0,0,-1024,0,1024,-60,1024,0,-1,1,1,0,0,-1,0,-1,0x0000000000000007,1185,1473,988,1527,1803,1500,1500,1500,1500,1500,1500,1500,1500,1500,1500,1500,1500,1500,1500,1500,1500,1500,1500,1500,1500,1500,1500,1500,1500,1500,1500,1500,9.5
2025-05-21,07:01:53.200,0.0,0.0,0,0.0,0.00,0,0,-1024,0,0,-1024,0,1024,-60,1024,0,-1,1,1,0,0,-1,0,-1,0x0000000000000007,1185,1473,988,1527,1803,1500,1500,1500,1500,1500,1500,1500,1500,1500,1500,1500,1500,1500,1500,1500,1500,1500,1500,1500,1500,1500,1500,1500,1500,1500,1500,1500,9.5
2025-05-21,07:01:53.700,0.0,0.0,0,0.0,0.00,0,0,-1024,0,0,-1024,0,1024,-60,1024,0,-1,1,1,0,0,-1,0,-1,0x0000000000000007,1185,1473,988,1527,1803,1500,1500,1500,1500,1500,1500,1500,1500,1500,1500,1500,1500,1500,1500,1500,1500,1500,1500,1500,1500,1500,1500,1500,1500,1500,1500,1500,9.5
2025-05-21,07:01:54.200,0.0,0.0,0,0.0,0.00,0,0,-1024,0,0,-1024,0,1024,-60,1024,0,-1,1,1,0,0,-1,0,-1,0x0000000000000007,1185,1473,988,1527,1803,1500,1500,1500,1500,1500,1500,1500,1500,1500,1500,1500,1500,1500,1500,1500,1500,1500,1500,1500,1500,1500,1500,1500,1500,1500,1500,1500,9.5
2025-05-21,07:01:54.690,0.0,0.0,0,0.0,0.00,0,0,-1024,0,0,-1024,0,1024,-60,1024,0,-1,1,1,0,0,-1,0,-1,0x0000000000000007,1185,1473,988,1527,1803,1500,1500,1500,1500,1500,1500,1500,1500,1500,1500,1500,1500,1500,1500,1500,1500,1500,1500,1500,1500,1500,1500,1500,1500,1500,1500,1500,9.5
2025-05-21,07:01:55.180,0.0,0.0,0,0.0,0.00,0,0,-1024,0,0,-1024,0,1024,-60,1024,0,-1,1,1,0,0,-1,0,-1,0x0000000000000007,1185,1473,988,1527,1803,1500,1500,1500,1500,1500,1500,1500,1500,1500,1500,1500,1500,1500,1500,1500,1500,1500,1500,1500,1500,1500,1500,1500,1500,1500,1500,1500,9.5
2025-05-21,07:01:55.670,0.0,0.0,0,0.0,0.00,0,0,-1024,0,0,-1024,0,1024,-60,1024,0,-1,1,1,0,0,-1,0,-1,0x0000000000000007,1185,1473,988,1527,1803,1500,1500,1500,1500,1500,1500,1500,1500,1500,1500,1500,1500,1500,1500,1500,1500,1500,1500,1500,1500,1500,1500,1500,1500,1500,1500,1500,9.5
2025-05-21,07:01:56.160,0.0,0.0,0,0.0,0.00,0,0,-1024,0,0,-1024,0,1024,-60,1024,0,-1,1,1,0,0,-1,0,-1,0x0000000000000007,1185,1473,988,1527,1803,1500,1500,1500,1500,1500,1500,1500,1500,1500,1500,1500,1500,1500,1500,1500,1500,1500,1500,1500,1500,1500,1500,1500,1500,1500,1500,1500,9.5
2025-05-21,07:01:56.650,0.0,0.0,0,0.0,0.00,0,0,-1024,0,0,-1024,0,1024,-60,1024,0,-1,1,1,0,0,-1,0,-1,0x0000000000000007,1185,1473,988,1527,1803,1500,1500,1500,1500,1500,1500,1500,1500,1500,1500,1500,1500,1500,1500,1500,1500,1500,1500,1500,1500,1500,1500,1500,1500,1500,1500,1500,9.5
2025-05-21,07:01:57.150,0.0,0.0,0,0.0,0.00,0,0,-1024,0,0,-1024,0,1024,-60,1024,0,-1,1,1,0,0,-1,0,-1,0x0000000000000007,1185,1473,988,1527,1803,1500,1500,1500,1500,1500,1500,1500,1500,1500,1500,1500,1500,1500,1500,1500,1500,1500,1500,1500,1500,1500,1500,1500,1500,1500,1500,1500,9.5
2025-05-21,07:01:57.640,0.0,0.0,0,0.0,0.00,0,0,-1024,0,0,-1024,0,1024,-60,1024,0,-1,1,1,0,0,-1,0,-1,0x0000000000000007,1185,1473,988,1527,1803,1500,1500,1500,1500,1500,1500,1500,1500,1500,1500,1500,1500,1500,1500,1500,1500,1500,1500,1500,1500,1500,1500,1500,1500,1500,1500,1500,9.5
2025-05-21,07:01:58.130,0.0,0.0,0,0.0,0.00,0,0,-1024,0,0,-1024,0,1024,-60,1024,0,-1,1,1,0,0,-1,0,-1,0x0000000000000007,1185,1473,988,1527,1803,1500,1500,1500,1500,1500,1500,1500,1500,1500,1500,1500,1500,1500,1500,1500,1500,1500,1500,1500,1500,1500,1500,1500,1500,1500,1500,1500,9.5
2025-05-21,07:01:58.630,0.0,0.0,0,0.0,0.00,0,0,-1024,0,0,-1024,0,1024,-60,1024,0,-1,1,1,0,0,-1,0,-1,0x0000000000000007,1185,1473,988,1527,1803,1500,1500,1500,1500,1500,1500,1500,1500,1500,1500,1500,1500,1500,1500,1500,1500,1500,1500,1500,1500,1500,1500,1500,1500,1500,1500,1500,9.5
2025-05-21,07:01:59.140,0.0,0.0,0,0.0,0.00,0,0,-1024,0,0,-1024,0,1024,-60,1024,0,-1,1,1,0,0,-1,0,-1,0x0000000000000007,1185,1473,988,1527,1803,1500,1500,1500,1500,1500,1500,1500,1500,1500,1500,1500,1500,1500,1500,1500,1500,1500,1500,1500,1500,1500,1500,1500,1500,1500,1500,1500,9.5
2025-05-21,07:01:59.650,0.0,0.0,0,0.0,0.00,0,0,-1024,0,0,-1024,0,1024,-60,1024,0,-1,1,1,0,0,-1,0,-1,0x0000000000000007,1185,1473,988,1527,1803,1500,1500,1500,1500,1500,1500,1500,1500,1500,1500,1500,1500,1500,1500,1500,1500,1500,1500,1500,1500,1500,1500,1500,1500,1500,1500,1500,9.5
2025-05-21,07:02:00.150,0.0,0.0,0,0.0,0.00,0,0,-1024,0,0,-1024,0,1024,-60,1024,0,-1,1,1,0,0,-1,0,-1,0x0000000000000007,1185,1473,988,1527,1803,1500,1500,1500,1500,1500,1500,1500,1500,1500,1500,1500,1500,1500,1500,1500,1500,1500,1500,1500,1500,1500,1500,1500,1500,1500,1500,1500,9.5
2025-05-21,07:02:00.660,0.0,0.0,0,0.0,0.00,0,0,-1024,0,0,-1024,0,1024,-60,1024,0,-1,1,1,0,0,-1,0,-1,0x0000000000000007,1185,1473,988,1527,1803,1500,1500,1500,1500,1500,1500,1500,1500,1500,1500,1500,1500,1500,1500,1500,1500,1500,1500,1500,1500,1500,1500,1500,1500,1500,1500,1500,9.5
2025-05-21,07:02:01.160,0.0,0.0,0,0.0,0.00,0,0,-1024,0,0,-1024,0,1024,-60,1024,0,-1,1,1,0,0,-1,0,-1,0x0000000000000007,1185,1473,988,1527,1803,1500,1500,1500,1500,1500,1500,1500,1500,1500,1500,1500,1500,1500,1500,1500,1500,1500,1500,1500,1500,1500,1500,1500,1500,1500,1500,1500,9.5
2025-05-21,07:02:01.660,0.0,0.0,0,0.0,0.00,0,0,-1024,0,0,-1024,0,1024,-60,1024,0,-1,1,1,0,0,-1,0,-1,0x0000000000000007,1185,1473,988,1527,1803,1500,1500,1500,1500,1500,1500,1500,1500,1500,1500,1500,1500,1500,1500,1500,1500,1500,1500,1500,1500,1500,1500,1500,1500,1500,1500,1500,9.5
2025-05-21,07:02:02.170,0.0,0.0,0,0.0,0.00,0,0,-1024,0,0,-1024,0,1024,-60,1024,0,-1,1,1,0,0,-1,0,-1,0x0000000000000007,1185,1473,988,1527,1803,1500,1500,1500,1500,1500,1500,1500,1500,1500,1500,1500,1500,1500,1500,1500,1500,1500,1500,1500,1500,1500,1500,1500,1500,1500,1500,1500,9.5
2025-05-21,07:02:02.680,0.0,0.0,0,0.0,0.00,0,0,-1024,0,0,-1024,0,1024,-60,1024,0,-1,1,1,0,0,-1,0,-1,0x0000000000000007,1185,1473,988,1527,1803,1500,1500,1500,1500,1500,1500,1500,1500,1500,1500,1500,1500,1500,1500,1500,1500,1500,1500,1500,1500,1500,1500,1500,1500,1500,1500,1500,9.5
2025-05-21,07:02:03.180,0.0,0.0,0,0.0,0.00,0,0,-1024,0,0,-1024,0,1024,-60,1024,0,-1,1,1,0,0,-1,0,-1,0x0000000000000007,1185,1473,988,1527,1803,1500,1500,1500,1500,1500,1500,1500,1500,1500,1500,1500,1500,1500,1500,1500,1500,1500,1500,1500,1500,1500,1500,1500,1500,1500,1500,1500,9.5
2025-05-21,07:02:03.680,0.0,0.0,0,0.0,0.00,0,0,-1024,0,0,-1024,0,1024,-60,1024,0,-1,1,1,0,0,-1,0,-1,0x0000000000000007,1185,1473,988,1527,1803,1500,1500,1500,1500,1500,1500,1500,1500,1500,1500,1500,1500,1500,1500,1500,1500,1500,1500,1500,1500,1500,1500,1500,1500,1500,1500,1500,9.5
2025-05-21,07:02:04.180,0.0,0.0,0,0.0,0.00,0,0,-1024,0,0,-1024,0,1024,-60,1024,0,-1,1,1,0,0,-1,0,-1,0x0000000000000007,1185,1473,988,1527,1803,1500,1500,1500,1500,1500,1500,1500,1500,1500,1500,1500,1500,1500,1500,1500,1500,1500,1500,1500,1500,1500,1500,1500,1500,1500,1500,1500,9.5
2025-05-21,07:02:04.690,0.0,0.0,0,0.0,0.00,0,0,-1024,0,0,-1024,0,1024,-60,1024,0,-1,1,1,0,0,-1,0,-1,0x0000000000000007,1185,1473,988,1527,1803,1500,1500,1500,1500,1500,1500,1500,1500,1500,1500,1500,1500,1500,1500,1500,1500,1500,1500,1500,1500,1500,1500,1500,1500,1500,1500,1500,9.5
2025-05-21,07:02:05.210,0.0,0.0,0,0.0,0.00,0,0,-1024,0,0,-1024,0,1024,-60,1024,0,-1,1,1,0,0,-1,0,-1,0x0000000000000007,1185,1473,988,1527,1803,1500,1500,1500,1500,1500,1500,1500,1500,1500,1500,1500,1500,1500,1500,1500,1500,1500,1500,1500,1500,1500,1500,1500,1500,1500,1500,1500,9.5
2025-05-21,07:02:05.720,0.0,0.0,0,0.0,0.00,0,0,-1024,0,0,-1024,0,1024,-60,1024,0,-1,1,1,0,0,-1,0,-1,0x0000000000000007,1185,1473,988,1527,1803,1500,1500,1500,1500,1500,1500,1500,1500,1500,1500,1500,1500,1500,1500,1500,1500,1500,1500,1500,1500,1500,1500,1500,1500,1500,1500,1500,9.5
2025-05-21,07:02:06.230,0.0,0.0,0,0.0,0.00,0,0,-1024,0,0,-1024,0,1024,-60,1024,0,-1,1,1,0,0,-1,0,-1,0x0000000000000007,1185,1473,988,1527,1803,1500,1500,1500,1500,1500,1500,1500,1500,1500,1500,1500,1500,1500,1500,1500,1500,1500,1500,1500,1500,1500,1500,1500,1500,1500,1500,1500,9.5
2025-05-21,07:02:06.740,0.0,0.0,0,0.0,0.00,0,0,-1024,0,0,-1024,0,1024,-60,1024,0,-1,1,1,0,0,-1,0,-1,0x0000000000000007,1185,1473,988,1527,1803,1500,1500,1500,1500,1500,1500,1500,1500,1500,1500,1500,1500,1500,1500,1500,1500,1500,1500,1500,1500,1500,1500,1500,1500,1500,1500,1500,9.5
2025-05-21,07:02:07.240,0.0,0.0,0,0.0,0.00,0,0,-1024,0,0,-1024,0,1024,-60,1024,0,-1,1,1,0,0,-1,0,-1,0x0000000000000007,1185,1473,988,1527,1803,1500,1500,1500,1500,1500,1500,1500,1500,1500,1500,1500,1500,1500,1500,1500,1500,1500,1500,1500,1500,1500,1500,1500,1500,1500,1500,1500,9.5
2025-05-21,07:02:07.760,0.0,0.0,0,0.0,0.00,0,0,-1024,0,0,-1024,0,1024,-60,1024,0,-1,1,1,0,0,-1,0,-1,0x0000000000000007,1185,1473,988,1527,1803,1500,1500,1500,1500,1500,1500,1500,1500,1500,1500,1500,1500,1500,1500,1500,1500,1500,1500,1500,1500,1500,1500,1500,1500,1500,1500,1500,9.5
2025-05-21,07:02:08.270,0.0,0.0,0,0.0,0.00,0,0,-1024,0,0,-1024,0,1024,-60,1024,0,-1,1,1,0,0,-1,0,-1,0x0000000000000007,1185,1473,988,1527,1803,1500,1500,1500,1500,1500,1500,1500,1500,1500,1500,1500,1500,1500,1500,1500,1500,1500,1500,1500,1500,1500,1500,1500,1500,1500,1500,1500,9.5
2025-05-21,07:02:08.770,0.0,0.0,0,0.0,0.00,0,0,-1024,0,0,-1024,0,1024,-60,1024,0,-1,1,1,0,0,-1,0,-1,0x0000000000000007,1185,1473,988,1527,1803,1500,1500,1500,1500,1500,1500,1500,1500,1500,1500,1500,1500,1500,1500,1500,1500,1500,1500,1500,1500,1500,1500,1500,1500,1500,1500,1500,9.5
2025-05-21,07:02:09.280,0.0,0.0,0,0.0,0.00,0,0,-1024,0,0,-1024,0,1024,-60,1024,0,-1,1,1,0,0,-1,0,-1,0x0000000000000007,1185,1473,988,1527,1803,1500,1500,1500,1500,1500,1500,1500,1500,1500,1500,1500,1500,1500,1500,1500,1500,1500,1500,1500,1500,1500,1500,1500,1500,1500,1500,1500,9.5
2025-05-21,07:02:09.790,0.0,0.0,0,0.0,0.00,0,0,-1024,0,0,-1024,0,1024,-60,1024,0,-1,1,1,0,0,-1,0,-1,0x0000000000000007,1185,1473,988,1527,1803,1500,1500,1500,1500,1500,1500,1500,1500,1500,1500,1500,1500,1500,1500,1500,1500,1500,1500,1500,1500,1500,1500,1500,1500,1500,1500,1500,9.5
2025-05-21,07:02:10.300,0.0,0.0,0,0.0,0.00,0,0,-1024,0,0,-1024,0,1024,-60,1024,0,-1,1,1,0,0,-1,0,-1,0x0000000000000007,1185,1473,988,1527,1803,1500,1500,1500,1500,1500,1500,1500,1500,1500,1500,1500,1500,1500,1500,1500,1500,1500,1500,1500,1500,1500,1500,1500,1500,1500,1500,1500,9.5
2025-05-21,07:02:10.810,0.0,0.0,0,0.0,0.00,0,0,-1024,0,0,-1024,0,1024,-60,1024,0,-1,1,1,0,0,-1,0,-1,0x0000000000000007,1185,1473,988,1527,1803,1500,1500,1500,1500,1500,1500,1500,1500,1500,1500,1500,1500,1500,1500,1500,1500,1500,1500,1500,1500,1500,1500,1500,1500,1500,1500,1500,9.5
2025-05-21,07:02:11.330,0.0,0.0,0,0.0,0.00,0,0,-1024,0,0,-1024,0,1024,-60,1024,0,-1,1,1,0,0,-1,0,-1,0x0000000000000007,1185,1473,988,1527,1803,1500,1500,1500,1500,1500,1500,1500,1500,1500,1500,1500,1500,1500,1500,1500,1500,1500,1500,1500,1500,1500,1500,1500,1500,1500,1500,1500,9.5
2025-05-21,07:02:11.830,0.0,0.0,0,0.0,0.00,0,0,-1024,0,0,-1024,0,1024,-60,1024,0,-1,1,1,0,0,-1,0,-1,0x0000000000000007,1185,1473,988,1527,1803,1500,1500,1500,1500,1500,1500,1500,1500,1500,1500,1500,1500,1500,1500,1500,1500,1500,1500,1500,1500,1500,1500,1500,1500,1500,1500,1500,9.5
2025-05-21,07:02:12.340,0.0,0.0,0,0.0,0.00,0,0,-1024,0,0,-1024,0,1024,-60,1024,0,-1,1,1,0,0,-1,0,-1,0x0000000000000007,1185,1473,988,1527,1803,1500,1500,1500,1500,1500,1500,1500,1500,1500,1500,1500,1500,1500,1500,1500,1500,1500,1500,1500,1500,1500,1500,1500,1500,1500,1500,1500,9.5
2025-05-21,07:02:12.850,0.0,0.0,0,0.0,0.00,0,0,-1024,0,0,-1024,0,1024,-60,1024,0,-1,1,1,0,0,-1,0,-1,0x0000000000000007,1185,1473,988,1527,1803,1500,1500,1500,1500,1500,1500,1500,1500,1500,1500,1500,1500,1500,1500,1500,1500,1500,1500,1500,1500,1500,1500,1500,1500,1500,1500,1500,9.5
2025-05-21,07:02:13.360,0.0,0.0,0,0.0,0.00,0,0,-1024,0,0,-1024,0,1024,-60,1024,0,-1,1,1,0,0,-1,0,-1,0x0000000000000007,1185,1473,988,1527,1803,1500,1500,1500,1500,1500,1500,1500,1500,1500,1500,1500,1500,1500,1500,1500,1500,1500,1500,1500,1500,1500,1500,1500,1500,1500,1500,1500,9.5
2025-05-21,07:02:13.870,0.0,0.0,0,0.0,0.00,0,0,-1024,0,0,-1024,0,1024,-60,1024,0,-1,1,1,0,0,-1,0,-1,0x0000000000000007,1185,1473,988,1527,1803,1500,1500,1500,1500,1500,1500,1500,1500,1500,1500,1500,1500,1500,1500,1500,1500,1500,1500,1500,1500,1500,1500,1500,1500,1500,1500,1500,9.5
2025-05-21,07:02:14.380,0.0,0.0,0,0.0,0.00,0,0,-1024,0,0,-1024,0,1024,-60,1024,0,-1,1,1,0,0,-1,0,-1,0x0000000000000007,1185,1473,988,1527,1803,1500,1500,1500,1500,1500,1500,1500,1500,1500,1500,1500,1500,1500,1500,1500,1500,1500,1500,1500,1500,1500,1500,1500,1500,1500,1500,1500,9.5
2025-05-21,07:02:14.890,0.0,0.0,0,0.0,0.00,0,0,-1024,0,0,-1024,0,1024,-60,1024,0,-1,1,1,0,0,-1,0,-1,0x0000000000000007,1185,1473,988,1527,1803,1500,1500,1500,1500,1500,1500,1500,1500,1500,1500,1500,1500,1500,1500,1500,1500,1500,1500,1500,1500,1500,1500,1500,1500,1500,1500,1500,9.5
2025-05-21,07:02:15.400,0.0,0.0,0,0.0,0.00,0,0,-1024,0,0,-1024,0,1024,-60,1024,0,-1,1,1,0,0,-1,0,-1,0x0000000000000007,1185,1473,988,1527,1803,1500,1500,1500,1500,1500,1500,1500,1500,1500,1500,1500,1500,1500,1500,1500,1500,1500,1500,1500,1500,1500,1500,1500,1500,1500,1500,1500,9.5
2025-05-21,07:02:15.910,0.0,0.0,0,0.0,0.00,0,0,-1024,0,0,-1024,0,1024,-60,1024,0,-1,1,1,0,0,-1,0,-1,0x0000000000000007,1185,1473,988,1527,1803,1500,1500,1500,1500,1500,1500,1500,1500,1500,1500,1500,1500,1500,1500,1500,1500,1500,1500,1500,1500,1500,1500,1500,1500,1500,1500,1500,9.5
2025-05-21,07:02:16.420,0.0,0.0,0,0.0,0.00,0,0,-1024,0,0,-1024,0,1024,-60,1024,0,-1,1,1,0,0,-1,0,-1,0x0000000000000007,1185,1473,988,1527,1803,1500,1500,1500,1500,1500,1500,1500,1500,1500,1500,1500,1500,1500,1500,1500,1500,1500,1500,1500,1500,1500,1500,1500,1500,1500,1500,1500,9.5
2025-05-21,07:02:16.920,0.0,0.0,0,0.0,0.00,0,0,-1024,0,0,-1024,0,1024,-60,1024,0,-1,1,1,0,0,-1,0,-1,0x0000000000000007,1185,1473,988,1527,1803,1500,1500,1500,1500,1500,1500,1500,1500,1500,1500,1500,1500,1500,1500,1500,1500,1500,1500,1500,1500,1500,1500,1500,1500,1500,1500,1500,9.5
2025-05-21,07:02:17.460,0.0,0.0,0,0.0,0.00,0,0,-1024,0,0,-1024,0,1024,-60,1024,0,-1,1,1,0,0,-1,0,-1,0x0000000000000007,1185,1473,988,1527,1803,1500,1500,1500,1500,1500,1500,1500,1500,1500,1500,1500,1500,1500,1500,1500,1500,1500,1500,1500,1500,1500,1500,1500,1500,1500,1500,1500,9.5
2025-05-21,07:02:17.950,0.0,0.0,0,0.0,0.00,0,0,-1024,0,0,-1024,0,1024,-60,1024,0,-1,1,1,0,0,-1,0,-1,0x0000000000000007,1185,1473,988,1527,1803,1500,1500,1500,1500,1500,1500,1500,1500,1500,1500,1500,1500,1500,1500,1500,1500,1500,1500,1500,1500,1500,1500,1500,1500,1500,1500,1500,9.5
2025-05-21,07:02:18.450,0.0,0.0,0,0.0,0.00,0,0,-1024,0,0,-1024,0,1024,-60,1024,0,-1,1,1,0,0,-1,0,-1,0x0000000000000007,1185,1473,988,1527,1803,1500,1500,1500,1500,1500,1500,1500,1500,1500,1500,1500,1500,1500,1500,1500,1500,1500,1500,1500,1500,1500,1500,1500,1500,1500,1500,1500,9.5
2025-05-21,07:02:18.950,0.0,0.0,0,0.0,0.00,0,0,-1024,0,0,-1024,0,1024,-60,1024,0,-1,1,1,0,0,-1,0,-1,0x0000000000000007,1185,1473,988,1527,1803,1500,1500,1500,1500,1500,1500,1500,1500,1500,1500,1500,1500,1500,1500,1500,1500,1500,1500,1500,1500,1500,1500,1500,1500,1500,1500,1500,9.5
2025-05-21,07:02:19.450,0.0,0.0,0,0.0,0.00,0,0,-1024,0,0,-1024,0,1024,-60,1024,0,-1,1,1,0,0,-1,0,-1,0x0000000000000007,1185,1473,988,1527,1803,1500,1500,1500,1500,1500,1500,1500,1500,1500,1500,1500,1500,1500,1500,1500,1500,1500,1500,1500,1500,1500,1500,1500,1500,1500,1500,1500,9.5
2025-05-21,07:02:19.950,0.0,0.0,0,0.0,0.00,0,0,-1024,0,0,-1024,0,1024,-60,1024,0,-1,1,1,0,0,-1,0,-1,0x0000000000000007,1185,1473,988,1527,1803,1500,1500,1500,1500,1500,1500,1500,1500,1500,1500,1500,1500,1500,1500,1500,1500,1500,1500,1500,1500,1500,1500,1500,1500,1500,1500,1500,9.5
2025-05-21,07:02:20.450,0.0,0.0,0,0.0,0.00,0,0,-1024,0,0,-1024,0,1024,-60,1024,0,-1,1,1,0,0,-1,0,-1,0x0000000000000007,1185,1473,988,1527,1803,1500,1500,1500,1500,1500,1500,1500,1500,1500,1500,1500,1500,1500,1500,1500,1500,1500,1500,1500,1500,1500,1500,1500,1500,1500,1500,1500,9.5
2025-05-21,07:02:20.950,0.0,0.0,0,0.0,0.00,0,0,-1024,0,0,-1024,0,1024,-60,1024,0,-1,1,1,0,0,-1,0,-1,0x0000000000000007,1185,1473,988,1527,1803,1500,1500,1500,1500,1500,1500,1500,1500,1500,1500,1500,1500,1500,1500,1500,1500,1500,1500,1500,1500,1500,1500,1500,1500,1500,1500,1500,9.5
2025-05-21,07:02:21.440,0.0,0.0,0,0.0,0.00,0,0,-1024,0,0,-1024,0,1024,-60,1024,0,-1,1,1,0,0,-1,0,-1,0x0000000000000007,1185,1473,988,1527,1803,1500,1500,1500,1500,1500,1500,1500,1500,1500,1500,1500,1500,1500,1500,1500,1500,1500,1500,1500,1500,1500,1500,1500,1500,1500,1500,1500,9.5
2025-05-21,07:02:21.930,0.0,0.0,0,0.0,0.00,0,0,-1024,0,0,-1024,0,1024,-60,1024,0,-1,1,1,0,0,-1,0,-1,0x0000000000000007,1185,1473,988,1527,1803,1500,1500,1500,1500,1500,1500,1500,1500,1500,1500,1500,1500,1500,1500,1500,1500,1500,1500,1500,1500,1500,1500,1500,1500,1500,1500,1500,9.5
2025-05-21,07:02:22.430,0.0,0.0,0,0.0,0.00,0,0,-1024,0,0,-1024,0,1024,-60,1024,0,-1,1,1,0,0,-1,0,-1,0x0000000000000007,1185,1473,988,1527,1803,1500,1500,1500,1500,1500,1500,1500,1500,1500,1500,1500,1500,1500,1500,1500,1500,1500,1500,1500,1500,1500,1500,1500,1500,1500,1500,1500,9.5
2025-05-21,07:02:22.940,0.0,0.0,0,0.0,0.00,0,0,-1024,0,0,-1024,0,1024,-60,1024,0,-1,1,1,0,0,-1,0,-1,0x0000000000000007,1185,1473,988,1527,1803,1500,1500,1500,1500,1500,1500,1500,1500,1500,1500,1500,1500,1500,1500,1500,1500,1500,1500,1500,1500,1500,1500,1500,1500,1500,1500,1500,9.5
2025-05-21,07:02:23.450,0.0,0.0,0,0.0,0.00,0,0,-1024,0,0,-1024,0,1024,-60,1024,0,-1,1,1,0,0,-1,0,-1,0x0000000000000007,1185,1473,988,1527,1803,1500,1500,1500,1500,1500,1500,1500,1500,1500,1500,1500,1500,1500,1500,1500,1500,1500,1500,1500,1500,1500,1500,1500,1500,1500,1500,1500,9.5
2025-05-21,07:02:23.960,0.0,0.0,0,0.0,0.00,0,0,-1024,0,0,-1024,0,1024,-60,1024,0,-1,1,1,0,0,-1,0,-1,0x0000000000000007,1185,1473,988,1527,1803,1500,1500,1500,1500,1500,1500,1500,1500,1500,1500,1500,1500,1500,1500,1500,1500,1500,1500,1500,1500,1500,1500,1500,1500,1500,1500,1500,9.5
2025-05-21,07:02:24.470,0.0,0.0,0,0.0,0.00,0,0,-1024,0,0,-1024,0,1024,-60,1024,0,-1,1,1,0,0,-1,0,-1,0x0000000000000007,1185,1473,988,1527,1803,1500,1500,1500,1500,1500,1500,1500,1500,1500,1500,1500,1500,1500,1500,1500,1500,1500,1500,1500,1500,1500,1500,1500,1500,1500,1500,1500,9.5
2025-05-21,07:02:24.990,0.0,0.0,0,0.0,0.00,0,0,-1024,0,0,-1024,0,1024,-60,1024,0,-1,1,1,0,0,-1,0,-1,0x0000000000000007,1185,1473,988,1527,1803,1500,1500,1500,1500,1500,1500,1500,1500,1500,1500,1500,1500,1500,1500,1500,1500,1500,1500,1500,1500,1500,1500,1500,1500,1500,1500,1500,9.5
2025-05-21,07:02:25.500,0.0,0.0,0,0.0,0.00,0,0,-1024,0,0,-1024,0,1024,-60,1024,0,-1,1,1,0,0,-1,0,-1,0x0000000000000007,1185,1473,988,1527,1803,1500,1500,1500,1500,1500,1500,1500,1500,1500,1500,1500,1500,1500,1500,1500,1500,1500,1500,1500,1500,1500,1500,1500,1500,1500,1500,1500,9.5
2025-05-21,07:02:26.000,0.0,0.0,0,0.0,0.00,0,0,-1024,0,0,-1024,0,1024,-60,1024,0,-1,1,1,0,0,-1,0,-1,0x0000000000000007,1185,1473,988,1527,1803,1500,1500,1500,1500,1500,1500,1500,1500,1500,1500,1500,1500,1500,1500,1500,1500,1500,1500,1500,1500,1500,1500,1500,1500,1500,1500,1500,9.5
2025-05-21,07:02:26.510,0.0,0.0,0,0.0,0.00,0,0,-1024,0,0,-1024,0,1024,-60,1024,0,-1,1,1,0,0,-1,0,-1,0x0000000000000007,1185,1473,988,1527,1803,1500,1500,1500,1500,1500,1500,1500,1500,1500,1500,1500,1500,1500,1500,1500,1500,1500,1500,1500,1500,1500,1500,1500,1500,1500,1500,1500,9.5
2025-05-21,07:02:27.020,0.0,0.0,0,0.0,0.00,0,0,-1024,0,0,-1024,0,1024,-60,1024,0,-1,1,1,0,0,-1,0,-1,0x0000000000000007,1185,1473,988,1527,1803,1500,1500,1500,1500,1500,1500,1500,1500,1500,1500,1500,1500,1500,1500,1500,1500,1500,1500,1500,1500,1500,1500,1500,1500,1500,1500,1500,9.5
2025-05-21,07:02:27.540,0.0,0.0,0,0.0,0.00,0,0,-1024,0,0,-1024,0,1024,-60,1024,0,-1,1,1,0,0,-1,0,-1,0x0000000000000007,1185,1473,988,1527,1803,1500,1500,1500,1500,1500,1500,1500,1500,1500,1500,1500,1500,1500,1500,1500,1500,1500,1500,1500,1500,1500,1500,1500,1500,1500,1500,1500,9.5
2025-05-21,07:02:28.050,0.0,0.0,0,0.0,0.00,0,0,-1024,0,0,-1024,0,1024,-60,1024,0,-1,1,1,0,0,-1,0,-1,0x0000000000000007,1185,1473,988,1527,1803,1500,1500,1500,1500,1500,1500,1500,1500,1500,1500,1500,1500,1500,1500,1500,1500,1500,1500,1500,1500,1500,1500,1500,1500,1500,1500,1500,9.5
2025-05-21,07:02:28.550,0.0,0.0,0,0.0,0.00,0,0,-1024,0,0,-1024,0,1024,-60,1024,0,-1,1,1,0,0,-1,0,-1,0x0000000000000007,1185,1473,988,1527,1803,1500,1500,1500,1500,1500,1500,1500,1500,1500,1500,1500,1500,1500,1500,1500,1500,1500,1500,1500,1500,1500,1500,1500,1500,1500,1500,1500,9.5
2025-05-21,07:02:29.070,0.0,0.0,0,0.0,0.00,0,0,-1024,0,0,-1024,0,1024,-60,1024,0,-1,1,1,0,0,-1,0,-1,0x0000000000000007,1185,1473,988,1527,1803,1500,1500,1500,1500,1500,1500,1500,1500,1500,1500,1500,1500,1500,1500,1500,1500,1500,1500,1500,1500,1500,1500,1500,1500,1500,1500,1500,9.5
2025-05-21,07:02:29.580,0.0,0.0,0,0.0,0.00,0,0,-1024,0,0,-1024,0,1024,-60,1024,0,-1,1,1,0,0,-1,0,-1,0x0000000000000007,1185,1473,988,1527,1803,1500,1500,1500,1500,1500,1500,1500,1500,1500,1500,1500,1500,1500,1500,1500,1500,1500,1500,1500,1500,1500,1500,1500,1500,1500,1500,1500,9.5
2025-05-21,07:02:30.090,0.0,0.0,0,0.0,0.00,0,0,-1024,0,0,-1024,0,1024,-60,1024,0,-1,1,1,0,0,-1,0,-1,0x0000000000000007,1185,1473,988,1527,1803,1500,1500,1500,1500,1500,1500,1500,1500,1500,1500,1500,1500,1500,1500,1500,1500,1500,1500,1500,1500,1500,1500,1500,1500,1500,1500,1500,9.5
2025-05-21,07:02:30.600,0.0,0.0,0,0.0,0.00,0,0,-1024,0,0,-1024,0,1024,-60,1024,0,-1,1,1,0,0,-1,0,-1,0x0000000000000007,1185,1473,988,1527,1803,1500,1500,1500,1500,1500,1500,1500,1500,1500,1500,1500,1500,1500,1500,1500,1500,1500,1500,1500,1500,1500,1500,1500,1500,1500,1500,1500,9.5
2025-05-21,07:02:31.110,0.0,0.0,0,0.0,0.00,0,0,-1024,0,0,-1024,0,1024,-60,1024,0,-1,1,1,0,0,-1,0,-1,0x0000000000000007,1185,1473,988,1527,1803,1500,1500,1500,1500,1500,1500,1500,1500,1500,1500,1500,1500,1500,1500,1500,1500,1500,1500,1500,1500,1500,1500,1500,1500,1500,1500,1500,9.5
2025-05-21,07:02:31.610,0.0,0.0,0,0.0,0.00,0,0,-1024,0,0,-1024,0,1024,-60,1024,0,-1,1,1,0,0,-1,0,-1,0x0000000000000007,1185,1473,988,1527,1803,1500,1500,1500,1500,1500,1500,1500,1500,1500,1500,1500,1500,1500,1500,1500,1500,1500,1500,1500,1500,1500,1500,1500,1500,1500,1500,1500,9.5
2025-05-21,07:02:32.130,0.0,0.0,0,0.0,0.00,0,0,-1024,0,0,-1024,0,1024,-60,1024,0,-1,1,1,0,0,-1,0,-1,0x0000000000000007,1185,1473,988,1527,1803,1500,1500,1500,1500,1500,1500,1500,1500,1500,1500,1500,1500,1500,1500,1500,1500,1500,1500,1500,1500,1500,1500,1500,1500,1500,1500,1500,9.5
2025-05-21,07:02:32.640,0.0,0.0,0,0.0,0.00,0,0,-1024,0,0,-1024,0,1024,-60,1024,0,-1,1,1,0,0,-1,0,-1,0x0000000000000007,1185,1473,988,1527,1803,1500,1500,1500,1500,1500,1500,1500,1500,1500,1500,1500,1500,1500,1500,1500,1500,1500,1500,1500,1500,1500,1500,1500,1500,1500,1500,1500,9.5
2025-05-21,07:02:33.150,0.0,0.0,0,0.0,0.00,0,0,-1024,0,0,-1024,0,1024,-60,1024,0,-1,1,1,0,0,-1,0,-1,0x0000000000000007,1185,1473,988,1527,1803,1500,1500,1500,1500,1500,1500,1500,1500,1500,1500,1500,1500,1500,1500,1500,1500,1500,1500,1500,1500,1500,1500,1500,1500,1500,1500,1500,9.5
2025-05-21,07:02:33.660,0.0,0.0,0,0.0,0.00,0,0,-1024,0,0,-1024,0,1024,-60,1024,0,-1,1,1,0,0,-1,0,-1,0x0000000000000007,1185,1473,988,1527,1803,1500,1500,1500,1500,1500,1500,1500,1500,1500,1500,1500,1500,1500,1500,1500,1500,1500,1500,1500,1500,1500,1500,1500,1500,1500,1500,1500,9.5
2025-05-21,07:02:34.170,0.0,0.0,0,0.0,0.00,0,0,-1024,0,0,-1024,0,1024,-60,1024,0,-1,1,1,0,0,-1,0,-1,0x0000000000000007,1185,1473,988,1527,1803,1500,1500,1500,1500,1500,1500,1500,1500,1500,1500,1500,1500,1500,1500,1500,1500,1500,1500,1500,1500,1500,1500,1500,1500,1500,1500,1500,9.5
2025-05-21,07:02:34.670,0.0,0.0,0,0.0,0.00,0,0,-1024,0,0,-1024,0,1024,-60,1024,0,-1,1,1,0,0,-1,0,-1,0x0000000000000007,1185,1473,988,1527,1803,1500,1500,1500,1500,1500,1500,1500,1500,1500,1500,1500,1500,1500,1500,1500,1500,1500,1500,1500,1500,1500,1500,1500,1500,1500,1500,1500,9.5
2025-05-21,07:02:35.180,0.0,0.0,0,0.0,0.00,0,0,-1024,0,0,-1024,0,1024,-60,1024,0,-1,1,1,0,0,-1,0,-1,0x0000000000000007,1185,1473,988,1527,1803,1500,1500,1500,1500,1500,1500,1500,1500,1500,1500,1500,1500,1500,1500,1500,1500,1500,1500,1500,1500,1500,1500,1500,1500,1500,1500,1500,9.5
2025-05-21,07:02:35.690,0.0,0.0,0,0.0,0.00,0,0,-1024,0,0,-1024,0,1024,-60,1024,0,-1,1,1,0,0,-1,0,-1,0x0000000000000007,1185,1473,988,1527,1803,1500,1500,1500,1500,1500,1500,1500,1500,1500,1500,1500,1500,1500,1500,1500,1500,1500,1500,1500,1500,1500,1500,1500,1500,1500,1500,1500,9.5
2025-05-21,07:02:36.200,0.0,0.0,0,0.0,0.00,0,0,-1024,0,0,-1024,0,1024,-60,1024,0,-1,1,1,0,0,-1,0,-1,0x0000000000000007,1185,1473,988,1527,1803,1500,1500,1500,1500,1500,1500,1500,1500,1500,1500,1500,1500,1500,1500,1500,1500,1500,1500,1500,1500,1500,1500,1500,1500,1500,1500,1500,9.5
2025-05-21,07:02:36.700,0.0,0.0,0,0.0,0.00,0,0,-1024,0,0,-1024,0,1024,-60,1024,0,-1,1,1,0,0,-1,0,-1,0x0000000000000007,1185,1473,988,1527,1803,1500,1500,1500,1500,1500,1500,1500,1500,1500,1500,1500,1500,1500,1500,1500,1500,1500,1500,1500,1500,1500,1500,1500,1500,1500,1500,1500,9.5
2025-05-21,07:02:37.200,0.0,0.0,0,0.0,0.00,0,0,-1024,0,0,-1024,0,1024,-60,1024,0,-1,1,1,0,0,-1,0,-1,0x0000000000000007,1185,1473,988,1527,1803,1500,1500,1500,1500,1500,1500,1500,1500,1500,1500,1500,1500,1500,1500,1500,1500,1500,1500,1500,1500,1500,1500,1500,1500,1500,1500,1500,9.5
2025-05-21,07:02:37.700,0.0,0.0,0,0.0,0.00,0,0,-1024,0,0,-1024,0,1024,-60,1024,0,-1,1,1,0,0,-1,0,-1,0x0000000000000007,1185,1473,988,1527,1803,1500,1500,1500,1500,1500,1500,1500,1500,1500,1500,1500,1500,1500,1500,1500,1500,1500,1500,1500,1500,1500,1500,1500,1500,1500,1500,1500,9.5
2025-05-21,07:02:38.210,0.0,0.0,0,0.0,0.00,0,0,-1024,0,0,-1024,0,1024,-60,1024,0,-1,1,1,0,0,-1,0,-1,0x0000000000000007,1185,1473,988,1527,1803,1500,1500,1500,1500,1500,1500,1500,1500,1500,1500,1500,1500,1500,1500,1500,1500,1500,1500,1500,1500,1500,1500,1500,1500,1500,1500,1500,9.5
2025-05-21,07:02:38.700,0.0,0.0,0,0.0,0.00,0,0,-1024,0,0,-1024,0,1024,-60,1024,0,-1,1,1,0,0,-1,0,-1,0x0000000000000007,1185,1473,988,1527,1803,1500,1500,1500,1500,1500,1500,1500,1500,1500,1500,1500,1500,1500,1500,1500,1500,1500,1500,1500,1500,1500,1500,1500,1500,1500,1500,1500,9.5
2025-05-21,07:02:39.200,0.0,0.0,0,0.0,0.00,0,0,-1024,0,0,-1024,0,1024,-60,1024,0,-1,1,1,0,0,-1,0,-1,0x0000000000000007,1185,1473,988,1527,1803,1500,1500,1500,1500,1500,1500,1500,1500,1500,1500,1500,1500,1500,1500,1500,1500,1500,1500,1500,1500,1500,1500,1500,1500,1500,1500,1500,9.5
2025-05-21,07:02:39.710,0.0,0.0,0,0.0,0.00,0,0,-1024,0,0,-1024,0,1024,-60,1024,0,-1,1,1,0,0,-1,0,-1,0x0000000000000007,1185,1473,988,1527,1803,1500,1500,1500,1500,1500,1500,1500,1500,1500,1500,1500,1500,1500,1500,1500,1500,1500,1500,1500,1500,1500,1500,1500,1500,1500,1500,1500,9.5
2025-05-21,07:02:40.200,0.0,0.0,0,0.0,0.00,0,0,-1024,0,0,-1024,0,1024,-60,1024,0,-1,1,1,0,0,-1,0,-1,0x0000000000000007,1185,1473,988,1527,1803,1500,1500,1500,1500,1500,1500,1500,1500,1500,1500,1500,1500,1500,1500,1500,1500,1500,1500,1500,1500,1500,1500,1500,1500,1500,1500,1500,9.5
2025-05-21,07:02:40.700,0.0,0.0,0,0.0,0.00,0,0,-1024,0,0,-1024,0,1024,-60,1024,0,-1,1,1,0,0,-1,0,-1,0x0000000000000007,1185,1473,988,1527,1803,1500,1500,1500,1500,1500,1500,1500,1500,1500,1500,1500,1500,1500,1500,1500,1500,1500,1500,1500,1500,1500,1500,1500,1500,1500,1500,1500,9.5
2025-05-21,07:02:41.210,0.0,0.0,0,0.0,0.00,0,0,-1024,0,0,-1024,0,1024,-60,1024,0,-1,1,1,0,0,-1,0,-1,0x0000000000000007,1185,1473,988,1527,1803,1500,1500,1500,1500,1500,1500,1500,1500,1500,1500,1500,1500,1500,1500,1500,1500,1500,1500,1500,1500,1500,1500,1500,1500,1500,1500,1500,9.5
2025-05-21,07:02:41.700,0.0,0.0,0,0.0,0.00,0,0,-1024,0,0,-1024,0,1024,-60,1024,0,-1,1,1,0,0,-1,0,-1,0x0000000000000007,1185,1473,988,1527,1803,1500,1500,1500,1500,1500,1500,1500,1500,1500,1500,1500,1500,1500,1500,1500,1500,1500,1500,1500,1500,1500,1500,1500,1500,1500,1500,1500,9.5
2025-05-21,07:02:42.200,0.0,0.0,0,0.0,0.00,0,0,-1024,0,0,-1024,0,1024,-60,1024,0,-1,1,1,0,0,-1,0,-1,0x0000000000000007,1185,1473,988,1527,1803,1500,1500,1500,1500,1500,1500,1500,1500,1500,1500,1500,1500,1500,1500,1500,1500,1500,1500,1500,1500,1500,1500,1500,1500,1500,1500,1500,9.5
2025-05-21,07:02:42.700,0.0,0.0,0,0.0,0.00,0,0,-1024,0,0,-1024,0,1024,-60,1024,0,-1,1,1,0,0,-1,0,-1,0x0000000000000007,1185,1473,988,1527,1803,1500,1500,1500,1500,1500,1500,1500,1500,1500,1500,1500,1500,1500,1500,1500,1500,1500,1500,1500,1500,1500,1500,1500,1500,1500,1500,1500,9.5
2025-05-21,07:02:43.200,0.0,0.0,0,0.0,0.00,0,0,-1024,0,0,-1024,0,1024,-60,1024,0,-1,1,1,0,0,-1,0,-1,0x0000000000000007,1185,1473,988,1527,1803,1500,1500,1500,1500,1500,1500,1500,1500,1500,1500,1500,1500,1500,1500,1500,1500,1500,1500,1500,1500,1500,1500,1500,1500,1500,1500,1500,9.5
2025-05-21,07:02:43.690,0.0,0.0,0,0.0,0.00,0,0,-1024,0,0,-1024,0,1024,-60,1024,0,-1,1,1,0,0,-1,0,-1,0x0000000000000007,1185,1473,988,1527,1803,1500,1500,1500,1500,1500,1500,1500,1500,1500,1500,1500,1500,1500,1500,1500,1500,1500,1500,1500,1500,1500,1500,1500,1500,1500,1500,1500,9.5
2025-05-21,07:02:44.180,0.0,0.0,0,0.0,0.00,0,0,-1024,0,0,-1024,0,1024,-60,1024,0,-1,1,1,0,0,-1,0,-1,0x0000000000000007,1185,1473,988,1527,1803,1500,1500,1500,1500,1500,1500,1500,1500,1500,1500,1500,1500,1500,1500,1500,1500,1500,1500,1500,1500,1500,1500,1500,1500,1500,1500,1500,9.5
2025-05-21,07:02:44.680,0.0,0.0,0,0.0,0.00,0,0,-1024,0,0,-1024,0,1024,-60,1024,0,-1,1,1,0,0,-1,0,-1,0x0000000000000007,1185,1473,988,1527,1803,1500,1500,1500,1500,1500,1500,1500,1500,1500,1500,1500,1500,1500,1500,1500,1500,1500,1500,1500,1500,1500,1500,1500,1500,1500,1500,1500,9.5
2025-05-21,07:02:45.190,0.0,0.0,0,0.0,0.00,0,0,-1024,0,0,-1024,0,1024,-60,1024,0,-1,1,1,0,0,-1,0,-1,0x0000000000000007,1185,1473,988,1527,1803,1500,1500,1500,1500,1500,1500,1500,1500,1500,1500,1500,1500,1500,1500,1500,1500,1500,1500,1500,1500,1500,1500,1500,1500,1500,1500,1500,9.5
2025-05-21,07:02:45.690,0.0,0.0,0,0.0,0.00,0,0,-1024,0,0,-1024,0,1024,-60,1024,0,-1,1,1,0,0,-1,0,-1,0x0000000000000007,1185,1473,988,1527,1803,1500,1500,1500,1500,1500,1500,1500,1500,1500,1500,1500,1500,1500,1500,1500,1500,1500,1500,1500,1500,1500,1500,1500,1500,1500,1500,1500,9.5
2025-05-21,07:02:46.180,0.0,0.0,0,0.0,0.00,0,0,-1024,0,0,-1024,0,1024,-60,1024,0,-1,1,1,0,0,-1,0,-1,0x0000000000000007,1185,1473,988,1527,1803,1500,1500,1500,1500,1500,1500,1500,1500,1500,1500,1500,1500,1500,1500,1500,1500,1500,1500,1500,1500,1500,1500,1500,1500,1500,1500,1500,9.5
2025-05-21,07:02:46.670,0.0,0.0,0,0.0,0.00,0,0,-1024,0,0,-1024,0,1024,-60,1024,0,-1,1,1,0,0,-1,0,-1,0x0000000000000007,1185,1473,988,1527,1803,1500,1500,1500,1500,1500,1500,1500,1500,1500,1500,1500,1500,1500,1500,1500,1500,1500,1500,1500,1500,1500,1500,1500,1500,1500,1500,1500,9.5
2025-05-21,07:02:47.210,0.0,0.0,0,0.0,0.00,0,0,-1024,0,0,-1024,0,1024,-60,1024,0,-1,1,1,0,0,-1,0,-1,0x0000000000000007,1185,1473,988,1527,1803,1500,1500,1500,1500,1500,1500,1500,1500,1500,1500,1500,1500,1500,1500,1500,1500,1500,1500,1500,1500,1500,1500,1500,1500,1500,1500,1500,9.5
2025-05-21,07:02:47.700,0.0,0.0,0,0.0,0.00,0,0,-1024,0,0,-1024,0,1024,-60,1024,0,-1,1,1,0,0,-1,0,-1,0x0000000000000007,1185,1473,988,1527,1803,1500,1500,1500,1500,1500,1500,1500,1500,1500,1500,1500,1500,1500,1500,1500,1500,1500,1500,1500,1500,1500,1500,1500,1500,1500,1500,1500,9.5
2025-05-21,07:02:48.200,0.0,0.0,0,0.0,0.00,0,0,-1024,0,0,-1024,0,1024,-60,1024,0,-1,1,1,0,0,-1,0,-1,0x0000000000000007,1185,1473,988,1527,1803,1500,1500,1500,1500,1500,1500,1500,1500,1500,1500,1500,1500,1500,1500,1500,1500,1500,1500,1500,1500,1500,1500,1500,1500,1500,1500,1500,9.5
2025-05-21,07:02:48.690,0.0,0.0,0,0.0,0.00,0,0,-1024,0,0,-1024,0,1024,-60,1024,0,-1,1,1,0,0,-1,0,-1,0x0000000000000007,1185,1473,988,1527,1803,1500,1500,1500,1500,1500,1500,1500,1500,1500,1500,1500,1500,1500,1500,1500,1500,1500,1500,1500,1500,1500,1500,1500,1500,1500,1500,1500,9.5
2025-05-21,07:02:49.190,0.0,0.0,0,0.0,0.00,0,0,-1024,0,0,-1024,0,1024,-60,1024,0,-1,1,1,0,0,-1,0,-1,0x0000000000000007,1185,1473,988,1527,1803,1500,1500,1500,1500,1500,1500,1500,1500,1500,1500,1500,1500,1500,1500,1500,1500,1500,1500,1500,1500,1500,1500,1500,1500,1500,1500,1500,9.5
2025-05-21,07:02:49.690,0.0,0.0,0,0.0,0.00,0,0,-1024,0,0,-1024,0,1024,-60,1024,0,-1,1,1,0,0,-1,0,-1,0x0000000000000007,1185,1473,988,1527,1803,1500,1500,1500,1500,1500,1500,1500,1500,1500,1500,1500,1500,1500,1500,1500,1500,1500,1500,1500,1500,1500,1500,1500,1500,1500,1500,1500,9.5
2025-05-21,07:02:50.200,0.0,0.0,0,0.0,0.00,0,0,-1024,0,0,-1024,0,1024,-60,1024,0,-1,1,1,0,0,-1,0,-1,0x0000000000000007,1185,1473,988,1527,1803,1500,1500,1500,1500,1500,1500,1500,1500,1500,1500,1500,1500,1500,1500,1500,1500,1500,1500,1500,1500,1500,1500,1500,1500,1500,1500,1500,9.5
2025-05-21,07:02:50.690,0.0,0.0,0,0.0,0.00,0,0,-1024,0,0,-1024,0,1024,-60,1024,0,-1,1,1,0,0,-1,0,-1,0x0000000000000007,1185,1473,988,1527,1803,1500,1500,1500,1500,1500,1500,1500,1500,1500,1500,1500,1500,1500,1500,1500,1500,1500,1500,1500,1500,1500,1500,1500,1500,1500,1500,1500,9.5
2025-05-21,07:02:51.200,0.0,0.0,0,0.0,0.00,0,0,-1024,0,0,-1024,0,1024,-60,1024,0,-1,1,1,0,0,-1,0,-1,0x0000000000000007,1185,1473,988,1527,1803,1500,1500,1500,1500,1500,1500,1500,1500,1500,1500,1500,1500,1500,1500,1500,1500,1500,1500,1500,1500,1500,1500,1500,1500,1500,1500,1500,9.5
2025-05-21,07:02:51.700,0.0,0.0,0,0.0,0.00,0,0,-1024,0,0,-1024,0,1024,-60,1024,0,-1,1,1,0,0,-1,0,-1,0x0000000000000007,1185,1473,988,1527,1803,1500,1500,1500,1500,1500,1500,1500,1500,1500,1500,1500,1500,1500,1500,1500,1500,1500,1500,1500,1500,1500,1500,1500,1500,1500,1500,1500,9.5
2025-05-21,07:02:52.200,0.0,0.0,0,0.0,0.00,0,0,-1024,0,0,-1024,0,1024,-60,1024,0,-1,1,1,0,0,-1,0,-1,0x0000000000000007,1185,1473,988,1527,1803,1500,1500,1500,1500,1500,1500,1500,1500,1500,1500,1500,1500,1500,1500,1500,1500,1500,1500,1500,1500,1500,1500,1500,1500,1500,1500,1500,9.5
2025-05-21,07:02:52.700,0.0,0.0,0,0.0,0.00,0,0,-1024,0,0,-1024,0,1024,-60,1024,0,-1,1,1,0,0,-1,0,-1,0x0000000000000007,1185,1473,988,1527,1803,1500,1500,1500,1500,1500,1500,1500,1500,1500,1500,1500,1500,1500,1500,1500,1500,1500,1500,1500,1500,1500,1500,1500,1500,1500,1500,1500,9.5
2025-05-21,07:02:53.190,0.0,0.0,0,0.0,0.00,0,0,-1024,0,0,-1024,0,1024,-60,1024,0,-1,1,1,0,0,-1,0,-1,0x0000000000000007,1185,1473,988,1527,1803,1500,1500,1500,1500,1500,1500,1500,1500,1500,1500,1500,1500,1500,1500,1500,1500,1500,1500,1500,1500,1500,1500,1500,1500,1500,1500,1500,9.5
2025-05-21,07:02:53.690,0.0,0.0,0,0.0,0.00,0,0,-1024,0,0,-1024,0,1024,-60,1024,0,-1,1,1,0,0,-1,0,-1,0x0000000000000007,1185,1473,988,1527,1803,1500,1500,1500,1500,1500,1500,1500,1500,1500,1500,1500,1500,1500,1500,1500,1500,1500,1500,1500,1500,1500,1500,1500,1500,1500,1500,1500,9.5
2025-05-21,07:02:54.190,0.0,0.0,0,0.0,0.00,0,0,-1024,0,0,-1024,0,1024,-60,1024,0,-1,1,1,0,0,-1,0,-1,0x0000000000000007,1185,1473,988,1527,1803,1500,1500,1500,1500,1500,1500,1500,1500,1500,1500,1500,1500,1500,1500,1500,1500,1500,1500,1500,1500,1500,1500,1500,1500,1500,1500,1500,9.5
2025-05-21,07:02:54.730,0.0,0.0,0,0.0,0.00,0,0,-1024,0,0,-1024,0,1024,-60,1024,0,-1,1,1,0,0,-1,0,-1,0x0000000000000007,1185,1473,988,1527,1803,1500,1500,1500,1500,1500,1500,1500,1500,1500,1500,1500,1500,1500,1500,1500,1500,1500,1500,1500,1500,1500,1500,1500,1500,1500,1500,1500,9.5
2025-05-21,07:02:55.220,0.0,0.0,0,0.0,0.00,0,0,-1024,0,0,-1024,0,1024,-60,1024,0,-1,1,1,0,0,-1,0,-1,0x0000000000000007,1185,1473,988,1527,1803,1500,1500,1500,1500,1500,1500,1500,1500,1500,1500,1500,1500,1500,1500,1500,1500,1500,1500,1500,1500,1500,1500,1500,1500,1500,1500,1500,9.5
2025-05-21,07:02:55.710,0.0,0.0,0,0.0,0.00,0,0,-1024,0,0,-1024,0,1024,-60,1024,0,-1,1,1,0,0,-1,0,-1,0x0000000000000007,1185,1473,988,1527,1803,1500,1500,1500,1500,1500,1500,1500,1500,1500,1500,1500,1500,1500,1500,1500,1500,1500,1500,1500,1500,1500,1500,1500,1500,1500,1500,1500,9.5
2025-05-21,07:02:56.210,0.0,0.0,0,0.0,0.00,0,0,-1024,0,0,-1024,0,1024,-60,1024,0,-1,1,1,0,0,-1,0,-1,0x0000000000000007,1185,1473,988,1527,1803,1500,1500,1500,1500,1500,1500,1500,1500,1500,1500,1500,1500,1500,1500,1500,1500,1500,1500,1500,1500,1500,1500,1500,1500,1500,1500,1500,9.5
2025-05-21,07:02:56.710,0.0,0.0,0,0.0,0.00,0,0,-1024,0,0,-1024,0,1024,-60,1024,0,-1,1,1,0,0,-1,0,-1,0x0000000000000007,1185,1473,988,1527,1803,1500,1500,1500,1500,1500,1500,1500,1500,1500,1500,1500,1500,1500,1500,1500,1500,1500,1500,1500,1500,1500,1500,1500,1500,1500,1500,1500,9.5
2025-05-21,07:02:57.210,0.0,0.0,0,0.0,0.00,0,0,-1024,0,0,-1024,0,1024,-60,1024,0,-1,1,1,0,0,-1,0,-1,0x0000000000000007,1185,1473,988,1527,1803,1500,1500,1500,1500,1500,1500,1500,1500,1500,1500,1500,1500,1500,1500,1500,1500,1500,1500,1500,1500,1500,1500,1500,1500,1500,1500,1500,9.5
2025-05-21,07:02:57.720,0.0,0.0,0,0.0,0.00,0,0,-1024,0,0,-1024,0,1024,-60,1024,0,-1,1,1,0,0,-1,0,-1,0x0000000000000007,1185,1473,988,1527,1803,1500,1500,1500,1500,1500,1500,1500,1500,1500,1500,1500,1500,1500,1500,1500,1500,1500,1500,1500,1500,1500,1500,1500,1500,1500,1500,1500,9.5
2025-05-21,07:02:58.230,0.0,0.0,0,0.0,0.00,0,0,-1024,0,0,-1024,0,1024,-60,1024,0,-1,1,1,0,0,-1,0,-1,0x0000000000000007,1185,1473,988,1527,1803,1500,1500,1500,1500,1500,1500,1500,1500,1500,1500,1500,1500,1500,1500,1500,1500,1500,1500,1500,1500,1500,1500,1500,1500,1500,1500,1500,9.5
2025-05-21,07:02:58.740,0.0,0.0,0,0.0,0.00,0,0,-1024,0,0,-1024,0,1024,-60,1024,0,-1,1,1,0,0,-1,0,-1,0x0000000000000007,1185,1473,988,1527,1803,1500,1500,1500,1500,1500,1500,1500,1500,1500,1500,1500,1500,1500,1500,1500,1500,1500,1500,1500,1500,1500,1500,1500,1500,1500,1500,1500,9.5
2025-05-21,07:02:59.240,0.0,0.0,0,0.0,0.00,0,0,-1024,0,0,-1024,0,1024,-60,1024,0,-1,1,1,0,0,-1,0,-1,0x0000000000000007,1185,1473,988,1527,1803,1500,1500,1500,1500,1500,1500,1500,1500,1500,1500,1500,1500,1500,1500,1500,1500,1500,1500,1500,1500,1500,1500,1500,1500,1500,1500,1500,9.5
2025-05-21,07:02:59.740,0.0,0.0,0,0.0,0.00,0,0,-1024,0,0,-1024,0,1024,-60,1024,0,-1,1,1,0,0,-1,0,-1,0x0000000000000007,1185,1473,988,1527,1803,1500,1500,1500,1500,1500,1500,1500,1500,1500,1500,1500,1500,1500,1500,1500,1500,1500,1500,1500,1500,1500,1500,1500,1500,1500,1500,1500,9.5
2025-05-21,07:03:00.240,0.0,0.0,0,0.0,0.00,0,0,-1024,0,0,-1024,0,1024,-60,1024,0,-1,1,1,0,0,-1,0,-1,0x0000000000000007,1185,1473,988,1527,1803,1500,1500,1500,1500,1500,1500,1500,1500,1500,1500,1500,1500,1500,1500,1500,1500,1500,1500,1500,1500,1500,1500,1500,1500,1500,1500,1500,9.5
2025-05-21,07:03:00.750,0.0,0.0,0,0.0,0.00,0,0,-1024,0,0,-1024,0,1024,-60,1024,0,-1,1,1,0,0,-1,0,-1,0x0000000000000007,1185,1473,988,1527,1803,1500,1500,1500,1500,1500,1500,1500,1500,1500,1500,1500,1500,1500,1500,1500,1500,1500,1500,1500,1500,1500,1500,1500,1500,1500,1500,1500,9.5
2025-05-21,07:03:01.240,0.0,0.0,0,0.0,0.00,0,0,-1024,0,0,-1024,0,1024,-60,1024,0,-1,1,1,0,0,-1,0,-1,0x0000000000000007,1185,1473,988,1527,1803,1500,1500,1500,1500,1500,1500,1500,1500,1500,1500,1500,1500,1500,1500,1500,1500,1500,1500,1500,1500,1500,1500,1500,1500,1500,1500,1500,9.5
2025-05-21,07:03:01.740,0.0,0.0,0,0.0,0.00,0,0,-1024,0,0,-1024,0,1024,-60,1024,0,-1,1,1,0,0,-1,0,-1,0x0000000000000007,1185,1473,988,1527,1803,1500,1500,1500,1500,1500,1500,1500,1500,1500,1500,1500,1500,1500,1500,1500,1500,1500,1500,1500,1500,1500,1500,1500,1500,1500,1500,1500,9.5
2025-05-21,07:03:02.240,0.0,0.0,0,0.0,0.00,0,0,-1024,0,0,-1024,0,1024,-60,1024,0,-1,1,1,0,0,-1,0,-1,0x0000000000000007,1185,1473,988,1527,1803,1500,1500,1500,1500,1500,1500,1500,1500,1500,1500,1500,1500,1500,1500,1500,1500,1500,1500,1500,1500,1500,1500,1500,1500,1500,1500,1500,9.5
2025-05-21,07:03:02.750,0.0,0.0,0,0.0,0.00,0,0,-1024,0,0,-1024,0,1024,-60,1024,0,-1,1,1,0,0,-1,0,-1,0x0000000000000007,1185,1473,988,1527,1803,1500,1500,1500,1500,1500,1500,1500,1500,1500,1500,1500,1500,1500,1500,1500,1500,1500,1500,1500,1500,1500,1500,1500,1500,1500,1500,1500,9.5
2025-05-21,07:03:03.260,0.0,0.0,0,0.0,0.00,0,0,-1024,0,0,-1024,0,1024,-60,1024,0,-1,1,1,0,0,-1,0,-1,0x0000000000000007,1185,1473,988,1527,1803,1500,1500,1500,1500,1500,1500,1500,1500,1500,1500,1500,1500,1500,1500,1500,1500,1500,1500,1500,1500,1500,1500,1500,1500,1500,1500,1500,9.5
2025-05-21,07:03:03.760,0.0,0.0,0,0.0,0.00,0,0,-1024,0,0,-1024,0,1024,-60,1024,0,-1,1,1,0,0,-1,0,-1,0x0000000000000007,1185,1473,988,1527,1803,1500,1500,1500,1500,1500,1500,1500,1500,1500,1500,1500,1500,1500,1500,1500,1500,1500,1500,1500,1500,1500,1500,1500,1500,1500,1500,1500,9.5
2025-05-21,07:03:04.270,0.0,0.0,0,0.0,0.00,0,0,-1024,0,0,-1024,0,1024,-60,1024,0,-1,1,1,0,0,-1,0,-1,0x0000000000000007,1185,1473,988,1527,1803,1500,1500,1500,1500,1500,1500,1500,1500,1500,1500,1500,1500,1500,1500,1500,1500,1500,1500,1500,1500,1500,1500,1500,1500,1500,1500,1500,9.5
2025-05-21,07:03:04.770,0.0,0.0,0,0.0,0.00,0,0,-1024,0,0,-1024,0,1024,-60,1024,0,-1,1,1,0,0,-1,0,-1,0x0000000000000007,1185,1473,988,1527,1803,1500,1500,1500,1500,1500,1500,1500,1500,1500,1500,1500,1500,1500,1500,1500,1500,1500,1500,1500,1500,1500,1500,1500,1500,1500,1500,1500,9.5
2025-05-21,07:03:05.280,0.0,0.0,0,0.0,0.00,0,0,-1024,0,0,-1024,0,1024,-60,1024,0,-1,1,1,0,0,-1,0,-1,0x0000000000000007,1185,1473,988,1527,1803,1500,1500,1500,1500,1500,1500,1500,1500,1500,1500,1500,1500,1500,1500,1500,1500,1500,1500,1500,1500,1500,1500,1500,1500,1500,1500,1500,9.5
2025-05-21,07:03:05.780,0.0,0.0,0,0.0,0.00,0,0,-1024,0,0,-1024,0,1024,-60,1024,0,-1,1,1,0,0,-1,0,-1,0x0000000000000007,1185,1473,988,1527,1803,1500,1500,1500,1500,1500,1500,1500,1500,1500,1500,1500,1500,1500,1500,1500,1500,1500,1500,1500,1500,1500,1500,1500,1500,1500,1500,1500,9.5
2025-05-21,07:03:06.290,0.0,0.0,0,0.0,0.00,0,0,-1024,0,0,-1024,0,1024,-60,1024,0,-1,1,1,0,0,-1,0,-1,0x0000000000000007,1185,1473,988,1527,1803,1500,1500,1500,1500,1500,1500,1500,1500,1500,1500,1500,1500,1500,1500,1500,1500,1500,1500,1500,1500,1500,1500,1500,1500,1500,1500,1500,9.5
2025-05-21,07:03:06.780,0.0,0.0,0,0.0,0.00,0,0,-1024,0,0,-1024,0,1024,-60,1024,0,-1,1,1,0,0,-1,0,-1,0x0000000000000007,1185,1473,988,1527,1803,1500,1500,1500,1500,1500,1500,1500,1500,1500,1500,1500,1500,1500,1500,1500,1500,1500,1500,1500,1500,1500,1500,1500,1500,1500,1500,1500,9.5
2025-05-21,07:03:07.280,0.0,0.0,0,0.0,0.00,0,0,-1024,0,0,-1024,0,1024,-60,1024,0,-1,1,1,0,0,-1,0,-1,0x0000000000000007,1185,1473,988,1527,1803,1500,1500,1500,1500,1500,1500,1500,1500,1500,1500,1500,1500,1500,1500,1500,1500,1500,1500,1500,1500,1500,1500,1500,1500,1500,1500,1500,9.5
2025-05-21,07:03:07.770,0.0,0.0,0,0.0,0.00,0,0,-1024,0,0,-1024,0,1024,-60,1024,0,-1,1,1,0,0,-1,0,-1,0x0000000000000007,1185,1473,988,1527,1803,1500,1500,1500,1500,1500,1500,1500,1500,1500,1500,1500,1500,1500,1500,1500,1500,1500,1500,1500,1500,1500,1500,1500,1500,1500,1500,1500,9.5
2025-05-21,07:03:08.260,0.0,0.0,0,0.0,0.00,0,0,-1024,0,0,-1024,0,1024,-60,1024,0,-1,1,1,0,0,-1,0,-1,0x0000000000000007,1185,1473,988,1527,1803,1500,1500,1500,1500,1500,1500,1500,1500,1500,1500,1500,1500,1500,1500,1500,1500,1500,1500,1500,1500,1500,1500,1500,1500,1500,1500,1500,9.5
2025-05-21,07:03:08.760,0.0,0.0,0,0.0,0.00,0,0,-1024,0,0,-1024,0,1024,-60,1024,0,-1,1,1,0,0,-1,0,-1,0x0000000000000007,1185,1473,988,1527,1803,1500,1500,1500,1500,1500,1500,1500,1500,1500,1500,1500,1500,1500,1500,1500,1500,1500,1500,1500,1500,1500,1500,1500,1500,1500,1500,1500,9.5
2025-05-21,07:03:09.250,0.0,0.0,0,0.0,0.00,0,0,-1024,0,0,-1024,0,1024,-60,1024,0,-1,1,1,0,0,-1,0,-1,0x0000000000000007,1185,1473,988,1527,1803,1500,1500,1500,1500,1500,1500,1500,1500,1500,1500,1500,1500,1500,1500,1500,1500,1500,1500,1500,1500,1500,1500,1500,1500,1500,1500,1500,9.5
2025-05-21,07:03:09.740,0.0,0.0,0,0.0,0.00,0,0,-1024,0,0,-1024,0,1024,-60,1024,0,-1,1,1,0,0,-1,0,-1,0x0000000000000007,1185,1473,988,1527,1803,1500,1500,1500,1500,1500,1500,1500,1500,1500,1500,1500,1500,1500,1500,1500,1500,1500,1500,1500,1500,1500,1500,1500,1500,1500,1500,1500,9.5
2025-05-21,07:03:10.230,0.0,0.0,0,0.0,0.00,0,0,-1024,0,0,-1024,0,1024,-60,1024,0,-1,1,1,0,0,-1,0,-1,0x0000000000000007,1185,1473,988,1527,1803,1500,1500,1500,1500,1500,1500,1500,1500,1500,1500,1500,1500,1500,1500,1500,1500,1500,1500,1500,1500,1500,1500,1500,1500,1500,1500,1500,9.5
2025-05-21,07:03:10.720,0.0,0.0,0,0.0,0.00,0,0,-1024,0,0,-1024,0,1024,-60,1024,0,-1,1,1,0,0,-1,0,-1,0x0000000000000007,1185,1473,988,1527,1803,1500,1500,1500,1500,1500,1500,1500,1500,1500,1500,1500,1500,1500,1500,1500,1500,1500,1500,1500,1500,1500,1500,1500,1500,1500,1500,1500,9.5
2025-05-21,07:03:11.220,0.0,0.0,0,0.0,0.00,0,0,-1024,0,0,-1024,0,1024,-60,1024,0,-1,1,1,0,0,-1,0,-1,0x0000000000000007,1185,1473,988,1527,1803,1500,1500,1500,1500,1500,1500,1500,1500,1500,1500,1500,1500,1500,1500,1500,1500,1500,1500,1500,1500,1500,1500,1500,1500,1500,1500,1500,9.5
2025-05-21,07:03:11.710,0.0,0.0,0,0.0,0.00,0,0,-1024,0,0,-1024,0,1024,-60,1024,0,-1,1,1,0,0,-1,0,-1,0x0000000000000007,1185,1473,988,1527,1803,1500,1500,1500,1500,1500,1500,1500,1500,1500,1500,1500,1500,1500,1500,1500,1500,1500,1500,1500,1500,1500,1500,1500,1500,1500,1500,1500,9.5
2025-05-21,07:03:12.200,0.0,0.0,0,0.0,0.00,0,0,-1024,0,0,-1024,0,1024,-60,1024,0,-1,1,1,0,0,-1,0,-1,0x0000000000000007,1185,1473,988,1527,1803,1500,1500,1500,1500,1500,1500,1500,1500,1500,1500,1500,1500,1500,1500,1500,1500,1500,1500,1500,1500,1500,1500,1500,1500,1500,1500,1500,9.5
2025-05-21,07:03:12.690,0.0,0.0,0,0.0,0.00,0,0,-1024,0,0,-1024,0,1024,-60,1024,0,-1,1,1,0,0,-1,0,-1,0x0000000000000007,1185,1473,988,1527,1803,1500,1500,1500,1500,1500,1500,1500,1500,1500,1500,1500,1500,1500,1500,1500,1500,1500,1500,1500,1500,1500,1500,1500,1500,1500,1500,1500,9.5
2025-05-21,07:03:13.190,0.0,0.0,0,0.0,0.00,0,0,-1024,0,0,-1024,0,1024,-60,1024,0,-1,1,1,0,0,-1,0,-1,0x0000000000000007,1185,1473,988,1527,1803,1500,1500,1500,1500,1500,1500,1500,1500,1500,1500,1500,1500,1500,1500,1500,1500,1500,1500,1500,1500,1500,1500,1500,1500,1500,1500,1500,9.5
2025-05-21,07:03:13.690,0.0,0.0,0,0.0,0.00,0,0,-1024,0,0,-1024,0,1024,-60,1024,0,-1,1,1,0,0,-1,0,-1,0x0000000000000007,1185,1473,988,1527,1803,1500,1500,1500,1500,1500,1500,1500,1500,1500,1500,1500,1500,1500,1500,1500,1500,1500,1500,1500,1500,1500,1500,1500,1500,1500,1500,1500,9.5
2025-05-21,07:03:14.180,0.0,0.0,0,0.0,0.00,0,0,-1024,0,0,-1024,0,1024,-60,1024,0,-1,1,1,0,0,-1,0,-1,0x0000000000000007,1185,1473,988,1527,1803,1500,1500,1500,1500,1500,1500,1500,1500,1500,1500,1500,1500,1500,1500,1500,1500,1500,1500,1500,1500,1500,1500,1500,1500,1500,1500,1500,9.5
2025-05-21,07:03:14.670,0.0,0.0,0,0.0,0.00,0,0,-1024,0,0,-1024,0,1024,-60,1024,0,-1,1,1,0,0,-1,0,-1,0x0000000000000007,1185,1473,988,1527,1803,1500,1500,1500,1500,1500,1500,1500,1500,1500,1500,1500,1500,1500,1500,1500,1500,1500,1500,1500,1500,1500,1500,1500,1500,1500,1500,1500,9.5
2025-05-21,07:03:15.170,0.0,0.0,0,0.0,0.00,0,0,-1024,0,0,-1024,0,1024,-60,1024,0,-1,1,1,0,0,-1,0,-1,0x0000000000000007,1185,1473,988,1527,1803,1500,1500,1500,1500,1500,1500,1500,1500,1500,1500,1500,1500,1500,1500,1500,1500,1500,1500,1500,1500,1500,1500,1500,1500,1500,1500,1500,9.5
2025-05-21,07:03:15.670,0.0,0.0,0,0.0,0.00,0,0,-1024,0,0,-1024,0,1024,-60,1024,0,-1,1,1,0,0,-1,0,-1,0x0000000000000007,1185,1473,988,1527,1803,1500,1500,1500,1500,1500,1500,1500,1500,1500,1500,1500,1500,1500,1500,1500,1500,1500,1500,1500,1500,1500,1500,1500,1500,1500,1500,1500,9.5
2025-05-21,07:03:16.200,0.0,0.0,0,0.0,0.00,0,0,-1024,0,0,-1024,0,1024,-60,1024,0,-1,1,1,0,0,-1,0,-1,0x0000000000000007,1185,1473,988,1527,1803,1500,1500,1500,1500,1500,1500,1500,1500,1500,1500,1500,1500,1500,1500,1500,1500,1500,1500,1500,1500,1500,1500,1500,1500,1500,1500,1500,9.5
2025-05-21,07:03:16.700,0.0,0.0,0,0.0,0.00,0,0,-1024,0,0,-1024,0,1024,-60,1024,0,-1,1,1,0,0,-1,0,-1,0x0000000000000007,1185,1473,988,1527,1803,1500,1500,1500,1500,1500,1500,1500,1500,1500,1500,1500,1500,1500,1500,1500,1500,1500,1500,1500,1500,1500,1500,1500,1500,1500,1500,1500,9.5
2025-05-21,07:03:17.210,0.0,0.0,0,0.0,0.00,0,0,-1024,0,0,-1024,0,1024,-60,1024,0,-1,1,1,0,0,-1,0,-1,0x0000000000000007,1185,1473,988,1527,1803,1500,1500,1500,1500,1500,1500,1500,1500,1500,1500,1500,1500,1500,1500,1500,1500,1500,1500,1500,1500,1500,1500,1500,1500,1500,1500,1500,9.5
2025-05-21,07:03:17.720,0.0,0.0,0,0.0,0.00,0,0,-1024,0,0,-1024,0,1024,-60,1024,0,-1,1,1,0,0,-1,0,-1,0x0000000000000007,1185,1473,988,1527,1803,1500,1500,1500,1500,1500,1500,1500,1500,1500,1500,1500,1500,1500,1500,1500,1500,1500,1500,1500,1500,1500,1500,1500,1500,1500,1500,1500,9.5
2025-05-21,07:03:18.230,0.0,0.0,0,0.0,0.00,0,0,-1024,0,0,-1024,0,1024,-60,1024,0,-1,1,1,0,0,-1,0,-1,0x0000000000000007,1185,1473,988,1527,1803,1500,1500,1500,1500,1500,1500,1500,1500,1500,1500,1500,1500,1500,1500,1500,1500,1500,1500,1500,1500,1500,1500,1500,1500,1500,1500,1500,9.5
2025-05-21,07:03:18.730,0.0,0.0,0,0.0,0.00,0,0,-1024,0,0,-1024,0,1024,-60,1024,0,-1,1,1,0,0,-1,0,-1,0x0000000000000007,1185,1473,988,1527,1803,1500,1500,1500,1500,1500,1500,1500,1500,1500,1500,1500,1500,1500,1500,1500,1500,1500,1500,1500,1500,1500,1500,1500,1500,1500,1500,1500,9.5
2025-05-21,07:03:19.240,0.0,0.0,0,0.0,0.00,0,0,-1024,0,0,-1024,0,1024,-60,1024,0,-1,1,1,0,0,-1,0,-1,0x0000000000000007,1185,1473,988,1527,1803,1500,1500,1500,1500,1500,1500,1500,1500,1500,1500,1500,1500,1500,1500,1500,1500,1500,1500,1500,1500,1500,1500,1500,1500,1500,1500,1500,9.5
2025-05-21,07:03:19.750,0.0,0.0,0,0.0,0.00,0,0,-1024,0,0,-1024,0,1024,-60,1024,0,-1,1,1,0,0,-1,0,-1,0x0000000000000007,1185,1473,988,1527,1803,1500,1500,1500,1500,1500,1500,1500,1500,1500,1500,1500,1500,1500,1500,1500,1500,1500,1500,1500,1500,1500,1500,1500,1500,1500,1500,1500,9.5
2025-05-21,07:03:20.240,0.0,0.0,0,0.0,0.00,0,0,-1024,0,0,-1024,0,1024,-60,1024,0,-1,1,1,0,0,-1,0,-1,0x0000000000000007,1185,1473,988,1527,1803,1500,1500,1500,1500,1500,1500,1500,1500,1500,1500,1500,1500,1500,1500,1500,1500,1500,1500,1500,1500,1500,1500,1500,1500,1500,1500,1500,9.5
2025-05-21,07:03:20.730,0.0,0.0,0,0.0,0.00,0,0,-1024,0,0,-1024,0,1024,-60,1024,0,-1,1,1,0,0,-1,0,-1,0x0000000000000007,1185,1473,988,1527,1803,1500,1500,1500,1500,1500,1500,1500,1500,1500,1500,1500,1500,1500,1500,1500,1500,1500,1500,1500,1500,1500,1500,1500,1500,1500,1500,1500,9.5
2025-05-21,07:03:21.230,0.0,0.0,0,0.0,0.00,0,0,-1024,0,0,-1024,0,1024,-60,1024,0,-1,1,1,0,0,-1,0,-1,0x0000000000000007,1185,1473,988,1527,1803,1500,1500,1500,1500,1500,1500,1500,1500,1500,1500,1500,1500,1500,1500,1500,1500,1500,1500,1500,1500,1500,1500,1500,1500,1500,1500,1500,9.5
2025-05-21,07:03:21.740,0.0,0.0,0,0.0,0.00,0,0,-1024,0,0,-1024,0,1024,-60,1024,0,-1,1,1,0,0,-1,0,-1,0x0000000000000007,1185,1473,988,1527,1803,1500,1500,1500,1500,1500,1500,1500,1500,1500,1500,1500,1500,1500,1500,1500,1500,1500,1500,1500,1500,1500,1500,1500,1500,1500,1500,1500,9.5
2025-05-21,07:03:22.250,0.0,0.0,0,0.0,0.00,0,0,-1024,0,0,-1024,0,1024,-60,1024,0,-1,1,1,0,0,-1,0,-1,0x0000000000000007,1185,1473,988,1527,1803,1500,1500,1500,1500,1500,1500,1500,1500,1500,1500,1500,1500,1500,1500,1500,1500,1500,1500,1500,1500,1500,1500,1500,1500,1500,1500,1500,9.5
2025-05-21,07:03:22.760,0.0,0.0,0,0.0,0.00,0,0,-1024,0,0,-1024,0,1024,-60,1024,0,-1,1,1,0,0,-1,0,-1,0x0000000000000007,1185,1473,988,1527,1803,1500,1500,1500,1500,1500,1500,1500,1500,1500,1500,1500,1500,1500,1500,1500,1500,1500,1500,1500,1500,1500,1500,1500,1500,1500,1500,1500,9.5
2025-05-21,07:03:23.250,0.0,0.0,0,0.0,0.00,0,0,-1024,0,0,-1024,0,1024,-60,1024,0,-1,1,1,0,0,-1,0,-1,0x0000000000000007,1185,1473,988,1527,1803,1500,1500,1500,1500,1500,1500,1500,1500,1500,1500,1500,1500,1500,1500,1500,1500,1500,1500,1500,1500,1500,1500,1500,1500,1500,1500,1500,9.5
2025-05-21,07:03:23.740,0.0,0.0,0,0.0,0.00,0,0,-1024,0,0,-1024,0,1024,-60,1024,0,-1,1,1,0,0,-1,0,-1,0x0000000000000007,1185,1473,988,1527,1803,1500,1500,1500,1500,1500,1500,1500,1500,1500,1500,1500,1500,1500,1500,1500,1500,1500,1500,1500,1500,1500,1500,1500,1500,1500,1500,1500,9.5
2025-05-21,07:03:24.230,0.0,0.0,0,0.0,0.00,0,0,-1024,0,0,-1024,0,1024,-60,1024,0,-1,1,1,0,0,-1,0,-1,0x0000000000000007,1185,1473,988,1527,1803,1500,1500,1500,1500,1500,1500,1500,1500,1500,1500,1500,1500,1500,1500,1500,1500,1500,1500,1500,1500,1500,1500,1500,1500,1500,1500,1500,9.5
2025-05-21,07:03:24.730,0.0,0.0,0,0.0,0.00,0,0,-1024,0,0,-1024,0,1024,-60,1024,0,-1,1,1,0,0,-1,0,-1,0x0000000000000007,1185,1473,988,1527,1803,1500,1500,1500,1500,1500,1500,1500,1500,1500,1500,1500,1500,1500,1500,1500,1500,1500,1500,1500,1500,1500,1500,1500,1500,1500,1500,1500,9.5
2025-05-21,07:03:25.230,0.0,0.0,0,0.0,0.00,0,0,-1024,0,0,-1024,0,1024,-60,1024,0,-1,1,1,0,0,-1,0,-1,0x0000000000000007,1185,1473,988,1527,1803,1500,1500,1500,1500,1500,1500,1500,1500,1500,1500,1500,1500,1500,1500,1500,1500,1500,1500,1500,1500,1500,1500,1500,1500,1500,1500,1500,9.5
2025-05-21,07:03:25.740,0.0,0.0,0,0.0,0.00,0,0,-1024,0,0,-1024,0,1024,-60,1024,0,-1,1,1,0,0,-1,0,-1,0x0000000000000007,1185,1473,988,1527,1803,1500,1500,1500,1500,1500,1500,1500,1500,1500,1500,1500,1500,1500,1500,1500,1500,1500,1500,1500,1500,1500,1500,1500,1500,1500,1500,1500,9.5
2025-05-21,07:03:26.230,0.0,0.0,0,0.0,0.00,0,0,-1024,0,0,-1024,0,1024,-60,1024,0,-1,1,1,0,0,-1,0,-1,0x0000000000000007,1185,1473,988,1527,1803,1500,1500,1500,1500,1500,1500,1500,1500,1500,1500,1500,1500,1500,1500,1500,1500,1500,1500,1500,1500,1500,1500,1500,1500,1500,1500,1500,9.5
2025-05-21,07:03:26.740,0.0,0.0,0,0.0,0.00,0,0,-1024,0,0,-1024,0,1024,-60,1024,0,-1,1,1,0,0,-1,0,-1,0x0000000000000007,1185,1473,988,1527,1803,1500,1500,1500,1500,1500,1500,1500,1500,1500,1500,1500,1500,1500,1500,1500,1500,1500,1500,1500,1500,1500,1500,1500,1500,1500,1500,1500,9.5
2025-05-21,07:03:27.250,0.0,0.0,0,0.0,0.00,0,0,-1024,0,0,-1024,0,1024,-60,1024,0,-1,1,1,0,0,-1,0,-1,0x0000000000000007,1185,1473,988,1527,1803,1500,1500,1500,1500,1500,1500,1500,1500,1500,1500,1500,1500,1500,1500,1500,1500,1500,1500,1500,1500,1500,1500,1500,1500,1500,1500,1500,9.5
2025-05-21,07:03:27.760,0.0,0.0,0,0.0,0.00,0,0,-1024,0,0,-1024,0,1024,-60,1024,0,-1,1,1,0,0,-1,0,-1,0x0000000000000007,1185,1473,988,1527,1803,1500,1500,1500,1500,1500,1500,1500,1500,1500,1500,1500,1500,1500,1500,1500,1500,1500,1500,1500,1500,1500,1500,1500,1500,1500,1500,1500,9.5
2025-05-21,07:03:28.270,0.0,0.0,0,0.0,0.00,0,0,-1024,0,0,-1024,0,1024,-60,1024,0,-1,1,1,0,0,-1,0,-1,0x0000000000000007,1185,1473,988,1527,1803,1500,1500,1500,1500,1500,1500,1500,1500,1500,1500,1500,1500,1500,1500,1500,1500,1500,1500,1500,1500,1500,1500,1500,1500,1500,1500,1500,9.5
2025-05-21,07:03:28.760,0.0,0.0,0,0.0,0.00,0,0,-1024,0,0,-1024,0,1024,-60,1024,0,-1,1,1,0,0,-1,0,-1,0x0000000000000007,1185,1473,988,1527,1803,1500,1500,1500,1500,1500,1500,1500,1500,1500,1500,1500,1500,1500,1500,1500,1500,1500,1500,1500,1500,1500,1500,1500,1500,1500,1500,1500,9.5
2025-05-21,07:03:29.250,0.0,0.0,0,0.0,0.00,0,0,-1024,0,0,-1024,0,1024,-60,1024,0,-1,1,1,0,0,-1,0,-1,0x0000000000000007,1185,1473,988,1527,1803,1500,1500,1500,1500,1500,1500,1500,1500,1500,1500,1500,1500,1500,1500,1500,1500,1500,1500,1500,1500,1500,1500,1500,1500,1500,1500,1500,9.5
2025-05-21,07:03:29.760,0.0,0.0,0,0.0,0.00,0,0,-1024,0,0,-1024,0,1024,-60,1024,0,-1,1,1,0,0,-1,0,-1,0x0000000000000007,1185,1473,988,1527,1803,1500,1500,1500,1500,1500,1500,1500,1500,1500,1500,1500,1500,1500,1500,1500,1500,1500,1500,1500,1500,1500,1500,1500,1500,1500,1500,1500,9.5
2025-05-21,07:03:30.250,0.0,0.0,0,0.0,0.00,0,0,-1024,0,0,-1024,0,1024,-60,1024,0,-1,1,1,0,0,-1,0,-1,0x0000000000000007,1185,1473,988,1527,1803,1500,1500,1500,1500,1500,1500,1500,1500,1500,1500,1500,1500,1500,1500,1500,1500,1500,1500,1500,1500,1500,1500,1500,1500,1500,1500,1500,9.5
2025-05-21,07:03:30.750,0.0,0.0,0,0.0,0.00,0,0,-1024,0,0,-1024,0,1024,-60,1024,0,-1,1,1,0,0,-1,0,-1,0x0000000000000007,1185,1473,988,1527,1803,1500,1500,1500,1500,1500,1500,1500,1500,1500,1500,1500,1500,1500,1500,1500,1500,1500,1500,1500,1500,1500,1500,1500,1500,1500,1500,1500,9.5
2025-05-21,07:03:31.250,0.0,0.0,0,0.0,0.00,0,0,-1024,0,0,-1024,0,1024,-60,1024,0,-1,1,1,0,0,-1,0,-1,0x0000000000000007,1185,1473,988,1527,1803,1500,1500,1500,1500,1500,1500,1500,1500,1500,1500,1500,1500,1500,1500,1500,1500,1500,1500,1500,1500,1500,1500,1500,1500,1500,1500,1500,9.5
2025-05-21,07:03:31.750,0.0,0.0,0,0.0,0.00,0,0,-1024,0,0,-1024,0,1024,-60,1024,0,-1,1,1,0,0,-1,0,-1,0x0000000000000007,1185,1473,988,1527,1803,1500,1500,1500,1500,1500,1500,1500,1500,1500,1500,1500,1500,1500,1500,1500,1500,1500,1500,1500,1500,1500,1500,1500,1500,1500,1500,1500,9.5
2025-05-21,07:03:32.250,0.0,0.0,0,0.0,0.00,0,0,-1024,0,0,-1024,0,1024,-60,1024,0,-1,1,1,0,0,-1,0,-1,0x0000000000000007,1185,1473,988,1527,1803,1500,1500,1500,1500,1500,1500,1500,1500,1500,1500,1500,1500,1500,1500,1500,1500,1500,1500,1500,1500,1500,1500,1500,1500,1500,1500,1500,9.5
2025-05-21,07:03:32.740,0.0,0.0,0,0.0,0.00,0,0,-1024,0,0,-1024,0,1024,-60,1024,0,-1,1,1,0,0,-1,0,-1,0x0000000000000007,1185,1473,988,1527,1803,1500,1500,1500,1500,1500,1500,1500,1500,1500,1500,1500,1500,1500,1500,1500,1500,1500,1500,1500,1500,1500,1500,1500,1500,1500,1500,1500,9.5
2025-05-21,07:03:33.240,0.0,0.0,0,0.0,0.00,0,0,-1024,0,0,-1024,0,1024,-60,1024,0,-1,1,1,0,0,-1,0,-1,0x0000000000000007,1185,1473,988,1527,1803,1500,1500,1500,1500,1500,1500,1500,1500,1500,1500,1500,1500,1500,1500,1500,1500,1500,1500,1500,1500,1500,1500,1500,1500,1500,1500,1500,9.5
2025-05-21,07:03:33.730,0.0,0.0,0,0.0,0.00,0,0,-1024,0,0,-1024,0,1024,-60,1024,0,-1,1,1,0,0,-1,0,-1,0x0000000000000007,1185,1473,988,1527,1803,1500,1500,1500,1500,1500,1500,1500,1500,1500,1500,1500,1500,1500,1500,1500,1500,1500,1500,1500,1500,1500,1500,1500,1500,1500,1500,1500,9.5
2025-05-21,07:03:34.230,0.0,0.0,0,0.0,0.00,0,0,-1024,0,0,-1024,0,1024,-60,1024,0,-1,1,1,0,0,-1,0,-1,0x0000000000000007,1185,1473,988,1527,1803,1500,1500,1500,1500,1500,1500,1500,1500,1500,1500,1500,1500,1500,1500,1500,1500,1500,1500,1500,1500,1500,1500,1500,1500,1500,1500,1500,9.5
2025-05-21,07:03:34.720,0.0,0.0,0,0.0,0.00,0,0,-1024,0,0,-1024,0,1024,-60,1024,0,-1,1,1,0,0,-1,0,-1,0x0000000000000007,1185,1473,988,1527,1803,1500,1500,1500,1500,1500,1500,1500,1500,1500,1500,1500,1500,1500,1500,1500,1500,1500,1500,1500,1500,1500,1500,1500,1500,1500,1500,1500,9.5
2025-05-21,07:03:35.230,0.0,0.0,0,0.0,0.00,0,0,-1024,0,0,-1024,0,1024,-60,1024,0,-1,1,1,0,0,-1,0,-1,0x0000000000000007,1185,1473,988,1527,1803,1500,1500,1500,1500,1500,1500,1500,1500,1500,1500,1500,1500,1500,1500,1500,1500,1500,1500,1500,1500,1500,1500,1500,1500,1500,1500,1500,9.5
2025-05-21,07:03:35.740,0.0,0.0,0,0.0,0.00,0,0,-1024,0,0,-1024,0,1024,-60,1024,0,-1,1,1,0,0,-1,0,-1,0x0000000000000007,1185,1473,988,1527,1803,1500,1500,1500,1500,1500,1500,1500,1500,1500,1500,1500,1500,1500,1500,1500,1500,1500,1500,1500,1500,1500,1500,1500,1500,1500,1500,1500,9.5
2025-05-21,07:03:36.250,0.0,0.0,0,0.0,0.00,0,0,-1024,0,0,-1024,0,1024,-60,1024,0,-1,1,1,0,0,-1,0,-1,0x0000000000000007,1185,1473,988,1527,1803,1500,1500,1500,1500,1500,1500,1500,1500,1500,1500,1500,1500,1500,1500,1500,1500,1500,1500,1500,1500,1500,1500,1500,1500,1500,1500,1500,9.5
2025-05-21,07:03:36.760,0.0,0.0,0,0.0,0.00,0,0,-1024,0,0,-1024,0,1024,-60,1024,0,-1,1,1,0,0,-1,0,-1,0x0000000000000007,1185,1473,988,1527,1803,1500,1500,1500,1500,1500,1500,1500,1500,1500,1500,1500,1500,1500,1500,1500,1500,1500,1500,1500,1500,1500,1500,1500,1500,1500,1500,1500,9.5
2025-05-21,07:03:37.270,0.0,0.0,0,0.0,0.00,0,0,-1024,0,0,-1024,0,1024,-60,1024,0,-1,1,1,0,0,-1,0,-1,0x0000000000000007,1185,1473,988,1527,1803,1500,1500,1500,1500,1500,1500,1500,1500,1500,1500,1500,1500,1500,1500,1500,1500,1500,1500,1500,1500,1500,1500,1500,1500,1500,1500,1500,9.5
2025-05-21,07:03:37.780,0.0,0.0,0,0.0,0.00,0,0,-1024,0,0,-1024,0,1024,-60,1024,0,-1,1,1,0,0,-1,0,-1,0x0000000000000007,1185,1473,988,1527,1803,1500,1500,1500,1500,1500,1500,1500,1500,1500,1500,1500,1500,1500,1500,1500,1500,1500,1500,1500,1500,1500,1500,1500,1500,1500,1500,1500,9.5
2025-05-21,07:03:38.290,0.0,0.0,0,0.0,0.00,0,0,-1024,0,0,-1024,0,1024,-60,1024,0,-1,1,1,0,0,-1,0,-1,0x0000000000000007,1185,1473,988,1527,1803,1500,1500,1500,1500,1500,1500,1500,1500,1500,1500,1500,1500,1500,1500,1500,1500,1500,1500,1500,1500,1500,1500,1500,1500,1500,1500,1500,9.5
2025-05-21,07:03:38.790,0.0,0.0,0,0.0,0.00,0,0,-1024,0,0,-1024,0,1024,-60,1024,0,-1,1,1,0,0,-1,0,-1,0x0000000000000007,1185,1473,988,1527,1803,1500,1500,1500,1500,1500,1500,1500,1500,1500,1500,1500,1500,1500,1500,1500,1500,1500,1500,1500,1500,1500,1500,1500,1500,1500,1500,1500,9.5
2025-05-21,07:03:39.300,0.0,0.0,0,0.0,0.00,0,0,-1024,0,0,-1024,0,1024,-60,1024,0,-1,1,1,0,0,-1,0,-1,0x0000000000000007,1185,1473,988,1527,1803,1500,1500,1500,1500,1500,1500,1500,1500,1500,1500,1500,1500,1500,1500,1500,1500,1500,1500,1500,1500,1500,1500,1500,1500,1500,1500,1500,9.5
2025-05-21,07:03:39.800,0.0,0.0,0,0.0,0.00,0,0,-1024,0,0,-1024,0,1024,-60,1024,0,-1,1,1,0,0,-1,0,-1,0x0000000000000007,1185,1473,988,1527,1803,1500,1500,1500,1500,1500,1500,1500,1500,1500,1500,1500,1500,1500,1500,1500,1500,1500,1500,1500,1500,1500,1500,1500,1500,1500,1500,1500,9.5
2025-05-21,07:03:40.340,0.0,0.0,0,0.0,0.00,0,0,-1024,0,0,-1024,0,1024,-60,1024,0,-1,1,1,0,0,-1,0,-1,0x0000000000000007,1185,1473,988,1527,1803,1500,1500,1500,1500,1500,1500,1500,1500,1500,1500,1500,1500,1500,1500,1500,1500,1500,1500,1500,1500,1500,1500,1500,1500,1500,1500,1500,9.5
2025-05-21,07:03:40.880,0.0,0.0,0,0.0,0.00,0,0,-1024,0,0,-1024,0,1024,-60,1024,0,-1,1,1,0,0,-1,0,-1,0x0000000000000007,1185,1473,988,1527,1803,1500,1500,1500,1500,1500,1500,1500,1500,1500,1500,1500,1500,1500,1500,1500,1500,1500,1500,1500,1500,1500,1500,1500,1500,1500,1500,1500,9.5
2025-05-21,07:03:41.370,0.0,0.0,0,0.0,0.00,0,0,-1024,0,0,-1024,0,1024,-60,1024,0,-1,1,1,0,0,-1,0,-1,0x0000000000000007,1185,1473,988,1527,1803,1500,1500,1500,1500,1500,1500,1500,1500,1500,1500,1500,1500,1500,1500,1500,1500,1500,1500,1500,1500,1500,1500,1500,1500,1500,1500,1500,9.5
2025-05-21,07:03:41.880,0.0,0.0,0,0.0,0.00,0,0,-1024,0,0,-1024,0,1024,-60,1024,0,-1,1,1,0,0,-1,0,-1,0x0000000000000007,1185,1473,988,1527,1803,1500,1500,1500,1500,1500,1500,1500,1500,1500,1500,1500,1500,1500,1500,1500,1500,1500,1500,1500,1500,1500,1500,1500,1500,1500,1500,1500,9.5
2025-05-21,07:03:42.390,0.0,0.0,0,0.0,0.00,0,0,-1024,0,0,-1024,0,1024,-60,1024,0,-1,1,1,0,0,-1,0,-1,0x0000000000000007,1185,1473,988,1527,1803,1500,1500,1500,1500,1500,1500,1500,1500,1500,1500,1500,1500,1500,1500,1500,1500,1500,1500,1500,1500,1500,1500,1500,1500,1500,1500,1500,9.5
2025-05-21,07:03:42.900,0.0,0.0,0,0.0,0.00,0,0,-1024,0,0,-1024,0,1024,-60,1024,0,-1,1,1,0,0,-1,0,-1,0x0000000000000007,1185,1473,988,1527,1803,1500,1500,1500,1500,1500,1500,1500,1500,1500,1500,1500,1500,1500,1500,1500,1500,1500,1500,1500,1500,1500,1500,1500,1500,1500,1500,1500,9.5
2025-05-21,07:03:43.410,0.0,0.0,0,0.0,0.00,0,0,-1024,0,0,-1024,0,1024,-60,1024,0,-1,1,1,0,0,-1,0,-1,0x0000000000000007,1185,1473,988,1527,1803,1500,1500,1500,1500,1500,1500,1500,1500,1500,1500,1500,1500,1500,1500,1500,1500,1500,1500,1500,1500,1500,1500,1500,1500,1500,1500,1500,9.5
2025-05-21,07:03:43.910,0.0,0.0,0,0.0,0.00,0,0,-1024,0,0,-1024,0,1024,-60,1024,0,-1,1,1,0,0,-1,0,-1,0x0000000000000007,1185,1473,988,1527,1803,1500,1500,1500,1500,1500,1500,1500,1500,1500,1500,1500,1500,1500,1500,1500,1500,1500,1500,1500,1500,1500,1500,1500,1500,1500,1500,1500,9.5
2025-05-21,07:03:44.400,0.0,0.0,0,0.0,0.00,0,0,-1024,0,0,-1024,0,1024,-60,1024,0,-1,1,1,0,0,-1,0,-1,0x0000000000000007,1185,1473,988,1527,1803,1500,1500,1500,1500,1500,1500,1500,1500,1500,1500,1500,1500,1500,1500,1500,1500,1500,1500,1500,1500,1500,1500,1500,1500,1500,1500,1500,9.5
2025-05-21,07:03:44.900,0.0,0.0,0,0.0,0.00,0,0,-1024,0,0,-1024,0,1024,-60,1024,0,-1,1,1,0,0,-1,0,-1,0x0000000000000007,1185,1473,988,1527,1803,1500,1500,1500,1500,1500,1500,1500,1500,1500,1500,1500,1500,1500,1500,1500,1500,1500,1500,1500,1500,1500,1500,1500,1500,1500,1500,1500,9.5
2025-05-21,07:03:45.410,0.0,0.0,0,0.0,0.00,0,0,-1024,0,0,-1024,0,1024,-60,1024,0,-1,1,1,0,0,-1,0,-1,0x0000000000000007,1185,1473,988,1527,1803,1500,1500,1500,1500,1500,1500,1500,1500,1500,1500,1500,1500,1500,1500,1500,1500,1500,1500,1500,1500,1500,1500,1500,1500,1500,1500,1500,9.5
2025-05-21,07:03:45.920,0.0,0.0,0,0.0,0.00,0,0,-1024,0,0,-1024,0,1024,-60,1024,0,-1,1,1,0,0,-1,0,-1,0x0000000000000007,1185,1473,988,1527,1803,1500,1500,1500,1500,1500,1500,1500,1500,1500,1500,1500,1500,1500,1500,1500,1500,1500,1500,1500,1500,1500,1500,1500,1500,1500,1500,1500,9.5