Date,Time,RSSI(dB),RxBt(V),VFAS(V),Curr(A),mAh(mAh),Pwr(W),Rud,Ele,Thr,Ail,P1,P2,SA,SB,SC,SD,SE,SF,SG,SH,LSW,CH1(us),CH2(us),CH3(us),CH4(us),CH5(us),CH6(us),CH7(us),CH8(us),CH9(us),CH10(us),CH11(us),CH12(us),CH13(us),CH14(us),CH15(us),CH16(us),CH17(us),CH18(us),CH19(us),CH20(us),CH21(us),CH22(us),CH23(us),CH24(us),CH25(us),CH26(us),CH27(us),CH28(us),CH29(us),CH30(us),CH31(us),CH32(us),TxBat(V)
2024-11-12,14:41:08.360,92,5.2,1.22,0.0,0,0.0,22,-3,-893,-3,-406,832,-1,-1,-1,-1,1,-1,-1,-1,0x000000000000000C,1517,1430,1054,1511,1509,1500,1500,1500,1500,1500,1500,1500,1500,1500,1500,1500,1500,1500,1500,1500,1500,1500,1500,1500,1500,1500,1500,1500,1500,1500,1500,1500,7.8
2024-11-12,14:41:09.330,91,5.2,1.22,0.0,0,0.0,4,0,-844,-8,-406,832,-1,-1,-1,-1,1,-1,-1,-1,0x000000000000000C,1516,1430,1078,1502,1508,1500,1500,1500,1500,1500,1500,1500,1500,1500,1500,1500,1500,1500,1500,1500,1500,1500,1500,1500,1500,1500,1500,1500,1500,1500,1500,1500,7.8
2024-11-12,14:41:10.330,90,5.3,1.22,0.1,0,0.1,-4,0,-817,-7,-407,832,-1,-1,-1,-1,1,-1,-1,-1,0x000000000000000C,1516,1431,1092,1498,1508,1500,1500,1500,1500,1500,1500,1500,1500,1500,1500,1500,1500,1500,1500,1500,1500,1500,1500,1500,1500,1500,1500,1500,1500,1500,1500,1500,7.8
2024-11-12,14:41:11.330,89,5.2,1.22,0.0,0,0.0,-3,-1,-816,-26,-407,832,-1,-1,-1,-1,1,-1,-1,-1,0x000000000000000C,1513,1432,1092,1499,1506,1500,1500,1500,1500,1500,1500,1500,1500,1500,1500,1500,1500,1500,1500,1500,1500,1500,1500,1500,1500,1500,1500,1500,1500,1500,1500,1500,7.8
2024-11-12,14:41:12.330,89,5.2,1.22,0.4,0,0.4,27,-216,-766,-7,-406,832,-1,-1,-1,-1,1,-1,-1,-1,0x000000000000000C,1516,1541,1117,1513,1508,1500,1500,1500,1500,1500,1500,1500,1500,1500,1500,1500,1500,1500,1500,1500,1500,1500,1500,1500,1500,1500,1500,1500,1500,1500,1500,1500,7.8
2024-11-12,14:41:13.330,78,5.3,1.22,1.6,0,1.9,-2,-517,-678,-3,-406,832,-1,-1,-1,-1,1,-1,-1,-1,0x000000000000000C,1517,1695,1161,1499,1509,1500,1500,1500,1500,1500,1500,1500,1500,1500,1500,1500,1500,1500,1500,1500,1500,1500,1500,1500,1500,1500,1500,1500,1500,1500,1500,1500,7.8
2024-11-12,14:41:14.330,85,5.2,1.22,1.9,0,2.3,2,-793,-558,10,-406,832,-1,-1,-1,-1,1,-1,-1,-1,0x000000000000000C,1520,1837,1221,1501,1510,1500,1500,1500,1500,1500,1500,1500,1500,1500,1500,1500,1500,1500,1500,1500,1500,1500,1500,1500,1500,1500,1500,1500,1500,1500,1500,1500,7.8
2024-11-12,14:41:15.330,87,5.2,1.22,2.7,1,3.2,-1,-893,-423,-1,-407,832,-1,-1,-1,-1,1,-1,-1,-1,0x000000000000000C,1518,1892,1289,1500,1509,1500,1500,1500,1500,1500,1500,1500,1500,1500,1500,1500,1500,1500,1500,1500,1500,1500,1500,1500,1500,1500,1500,1500,1500,1500,1500,1500,7.8
2024-11-12,14:41:16.330,90,5.2,1.22,4.2,2,5.1,1,-917,-269,2,-407,832,-1,-1,-1,-1,1,-1,-1,-1,0x000000000000000C,1518,1910,1366,1500,1509,1500,1500,1500,1500,1500,1500,1500,1500,1500,1500,1500,1500,1500,1500,1500,1500,1500,1500,1500,1500,1500,1500,1500,1500,1500,1500,1500,7.8
2024-11-12,14:41:17.330,93,5.2,1.21,6.1,3,7.3,120,-1024,-683,254,-406,832,-1,-1,-1,-1,1,-1,-1,-1,0x000000000000000C,1573,1948,1159,1560,1537,1500,1500,1500,1500,1500,1500,1500,1500,1500,1500,1500,1500,1500,1500,1500,1500,1500,1500,1500,1500,1500,1500,1500,1500,1500,1500,1500,7.8
2024-11-12,14:41:18.330,91,5.2,1.21,8.3,5,10.0,413,-1024,88,388,-406,832,-1,-1,-1,-1,1,-1,-1,-1,0x000000000000000C,1612,1977,1544,1706,1556,1500,1500,1500,1500,1500,1500,1500,1500,1500,1500,1500,1500,1500,1500,1500,1500,1500,1500,1500,1500,1500,1500,1500,1500,1500,1500,1500,7.8
2024-11-12,14:41:19.330,88,5.1,1.19,8.5,7,10.1,1003,-1024,89,476,-406,832,-1,-1,-1,-1,1,-1,-1,-1,0x000000000000000C,1644,1977,1544,2001,1572,1500,1500,1500,1500,1500,1500,1500,1500,1500,1500,1500,1500,1500,1500,1500,1500,1500,1500,1500,1500,1500,1500,1500,1500,1500,1500,1500,7.8
2024-11-12,14:41:20.330,102,5.2,1.19,9.6,10,11.4,1024,-1024,254,454,-407,832,-1,-1,-1,-1,1,-1,-1,-1,0x000000000000000C,1635,1983,1627,2012,1568,1500,1500,1500,1500,1500,1500,1500,1500,1500,1500,1500,1500,1500,1500,1500,1500,1500,1500,1500,1500,1500,1500,1500,1500,1500,1500,1500,7.8
2024-11-12,14:41:21.330,99,5.2,1.17,10.6,13,12.4,1024,-1024,255,473,-406,832,-1,-1,-1,-1,1,-1,-1,-1,0x000000000000000C,1642,1983,1627,2012,1571,1500,1500,1500,1500,1500,1500,1500,1500,1500,1500,1500,1500,1500,1500,1500,1500,1500,1500,1500,1500,1500,1500,1500,1500,1500,1500,1500,7.8
2024-11-12,14:41:22.330,92,5.2,1.16,12.6,16,14.6,1021,-1023,366,387,-406,832,-1,-1,-1,-1,1,-1,-1,-1,0x000000000000000C,1611,1987,1683,2010,1556,1500,1500,1500,1500,1500,1500,1500,1500,1500,1500,1500,1500,1500,1500,1500,1500,1500,1500,1500,1500,1500,1500,1500,1500,1500,1500,1500,7.8
2024-11-12,14:41:23.330,85,5.2,1.15,17.8,20,20.4,674,-1021,642,143,-406,832,-1,-1,-1,-1,1,-1,-1,-1,0x000000000000000C,1547,1996,1821,1837,1524,1500,1500,1500,1500,1500,1500,1500,1500,1500,1500,1500,1500,1500,1500,1500,1500,1500,1500,1500,1500,1500,1500,1500,1500,1500,1500,1500,7.8
2024-11-12,14:41:24.330,72,5.2,1.10,22.0,26,24.2,53,-1024,1024,-229,-406,832,-1,-1,-1,-1,1,-1,-1,-1,0x000000000000000C,1485,2012,2012,1526,1469,1500,1500,1500,1500,1500,1500,1500,1500,1500,1500,1500,1500,1500,1500,1500,1500,1500,1500,1500,1500,1500,1500,1500,1500,1500,1500,1500,7.8
2024-11-12,14:41:25.330,75,5.2,1.09,3.2,31,3.4,-747,-1016,-1024,-58,-406,832,-1,-1,-1,-1,1,-1,-1,-1,0x000000000000000D,1506,1931,988,1127,1503,1500,1500,1500,1500,1500,1500,1500,1500,1500,1500,1500,1500,1500,1500,1500,1500,1500,1500,1500,1500,1500,1500,1500,1500,1500,1500,1500,7.8
2024-11-12,14:41:26.330,63,5.2,1.21,0.0,31,0.0,-152,-1024,-1024,-10,-407,832,-1,-1,-1,-1,1,-1,-1,-1,0x000000000000000D,1516,1935,988,1424,1508,1500,1500,1500,1500,1500,1500,1500,1500,1500,1500,1500,1500,1500,1500,1500,1500,1500,1500,1500,1500,1500,1500,1500,1500,1500,1500,1500,7.8
2024-11-12,14:41:27.330,60,5.2,1.22,0.0,31,0.0,-3,0,-1024,-8,-407,832,-1,-1,-1,-1,1,-1,-1,-1,0x000000000000000D,1516,1424,988,1499,1508,1500,1500,1500,1500,1500,1500,1500,1500,1500,1500,1500,1500,1500,1500,1500,1500,1500,1500,1500,1500,1500,1500,1500,1500,1500,1500,1500,7.8
2024-11-12,14:41:28.330,63,5.2,1.22,0.0,31,0.0,-3,0,-1024,-7,-406,832,-1,-1,-1,-1,1,-1,-1,-1,0x000000000000000D,1516,1424,988,1499,1508,1500,1500,1500,1500,1500,1500,1500,1500,1500,1500,1500,1500,1500,1500,1500,1500,1500,1500,1500,1500,1500,1500,1500,1500,1500,1500,1500,7.8
2024-11-12,14:41:29.330,62,5.2,1.22,0.0,31,0.0,-3,0,-1024,-7,-406,832,-1,-1,-1,-1,1,-1,-1,-1,0x000000000000000D,1516,1424,988,1499,1508,1500,1500,1500,1500,1500,1500,1500,1500,1500,1500,1500,1500,1500,1500,1500,1500,1500,1500,1500,1500,1500,1500,1500,1500,1500,1500,1500,7.8
2024-11-12,14:41:30.330,58,5.3,1.22,0.0,31,0.0,-3,0,-1024,-7,-407,832,-1,-1,-1,-1,1,-1,-1,-1,0x000000000000000D,1516,1424,988,1499,1508,1500,1500,1500,1500,1500,1500,1500,1500,1500,1500,1500,1500,1500,1500,1500,1500,1500,1500,1500,1500,1500,1500,1500,1500,1500,1500,1500,7.8
2024-11-12,14:41:31.330,52,5.3,1.22,0.0,31,0.0,-3,1,-1024,-7,-407,832,-1,-1,-1,-1,1,-1,-1,-1,0x000000000000000D,1516,1423,988,1499,1508,1500,1500,1500,1500,1500,1500,1500,1500,1500,1500,1500,1500,1500,1500,1500,1500,1500,1500,1500,1500,1500,1500,1500,1500,1500,1500,1500,7.8
2024-11-12,14:41:32.330,67,5.3,1.22,0.0,31,0.0,-3,0,-1024,-7,-406,832,-1,-1,-1,-1,1,-1,-1,-1,0x000000000000000D,1516,1424,988,1499,1508,1500,1500,1500,1500,1500,1500,1500,1500,1500,1500,1500,1500,1500,1500,1500,1500,1500,1500,1500,1500,1500,1500,1500,1500,1500,1500,1500,7.8
2024-11-12,14:41:33.330,54,5.3,1.22,0.0,31,0.0,-3,1,-1024,-7,-407,832,-1,-1,-1,-1,1,-1,-1,-1,0x000000000000000D,1516,1423,988,1499,1508,1500,1500,1500,1500,1500,1500,1500,1500,1500,1500,1500,1500,1500,1500,1500,1500,1500,1500,1500,1500,1500,1500,1500,1500,1500,1500,1500,7.8
2024-11-12,14:41:34.330,58,5.3,1.22,0.0,31,0.0,-2,1,-1024,-7,-407,832,-1,-1,-1,-1,1,-1,-1,-1,0x000000000000000D,1516,1423,988,1499,1508,1500,1500,1500,1500,1500,1500,1500,1500,1500,1500,1500,1500,1500,1500,1500,1500,1500,1500,1500,1500,1500,1500,1500,1500,1500,1500,1500,7.8
2024-11-12,14:41:35.330,56,5.3,1.22,0.0,31,0.0,-3,1,-1024,-7,-406,832,-1,-1,-1,-1,1,-1,-1,-1,0x000000000000000D,1516,1423,988,1499,1508,1500,1500,1500,1500,1500,1500,1500,1500,1500,1500,1500,1500,1500,1500,1500,1500,1500,1500,1500,1500,1500,1500,1500,1500,1500,1500,1500,7.8
2024-11-12,14:41:36.330,58,5.2,1.22,0.0,31,0.0,-3,1,-1024,-7,-407,832,-1,-1,-1,-1,1,-1,-1,-1,0x000000000000000D,1516,1423,988,1499,1508,1500,1500,1500,1500,1500,1500,1500,1500,1500,1500,1500,1500,1500,1500,1500,1500,1500,1500,1500,1500,1500,1500,1500,1500,1500,1500,1500,7.8
2024-11-12,14:41:37.330,57,5.2,1.22,0.0,31,0.0,-3,1,-1024,-7,-406,832,-1,-1,-1,-1,1,-1,-1,-1,0x000000000000000D,1516,1423,988,1499,1508,1500,1500,1500,1500,1500,1500,1500,1500,1500,1500,1500,1500,1500,1500,1500,1500,1500,1500,1500,1500,1500,1500,1500,1500,1500,1500,1500,7.8
2024-11-12,14:41:38.330,58,5.2,1.22,0.0,31,0.0,-3,1,-1024,-7,-406,832,-1,-1,-1,-1,1,-1,-1,-1,0x000000000000000D,1516,1423,988,1499,1508,1500,1500,1500,1500,1500,1500,1500,1500,1500,1500,1500,1500,1500,1500,1500,1500,1500,1500,1500,1500,1500,1500,1500,1500,1500,1500,1500,7.8
2024-11-12,14:41:39.330,57,5.2,1.22,0.0,31,0.0,-3,1,-1024,-7,-406,832,-1,-1,-1,-1,1,-1,-1,-1,0x000000000000000D,1516,1423,988,1499,1508,1500,1500,1500,1500,1500,1500,1500,1500,1500,1500,1500,1500,1500,1500,1500,1500,1500,1500,1500,1500,1500,1500,1500,1500,1500,1500,1500,7.8
2024-11-12,14:41:40.330,67,5.2,1.22,0.0,31,0.0,-4,1,-1024,-8,-406,832,-1,-1,-1,-1,1,-1,-1,-1,0x000000000000000D,1516,1423,988,1498,1508,1500,1500,1500,1500,1500,1500,1500,1500,1500,1500,1500,1500,1500,1500,1500,1500,1500,1500,1500,1500,1500,1500,1500,1500,1500,1500,1500,7.8
2024-11-12,14:41:41.330,63,5.2,1.22,0.0,31,0.0,-1,1,-1024,-7,-406,832,-1,-1,-1,-1,1,-1,-1,-1,0x000000000000000D,1516,1423,988,1500,1508,1500,1500,1500,1500,1500,1500,1500,1500,1500,1500,1500,1500,1500,1500,1500,1500,1500,1500,1500,1500,1500,1500,1500,1500,1500,1500,1500,7.8
2024-11-12,14:41:42.330,61,5.2,1.22,0.0,31,0.0,-3,1,-1024,-7,-407,833,-1,-1,-1,-1,1,-1,-1,-1,0x000000000000000D,1516,1423,988,1499,1508,1500,1500,1500,1500,1500,1500,1500,1500,1500,1500,1500,1500,1500,1500,1500,1500,1500,1500,1500,1500,1500,1500,1500,1500,1500,1500,1500,7.8
2024-11-12,14:41:43.330,63,5.2,1.22,0.0,31,0.0,-2,1,-1024,-7,-406,832,-1,-1,-1,-1,1,-1,-1,-1,0x000000000000000D,1516,1423,988,1499,1508,1500,1500,1500,1500,1500,1500,1500,1500,1500,1500,1500,1500,1500,1500,1500,1500,1500,1500,1500,1500,1500,1500,1500,1500,1500,1500,1500,7.8
2024-11-12,14:41:44.330,64,5.2,1.22,0.0,31,0.0,-3,2,-1024,-7,-406,832,-1,-1,-1,-1,1,-1,-1,-1,0x000000000000000D,1516,1423,988,1499,1508,1500,1500,1500,1500,1500,1500,1500,1500,1500,1500,1500,1500,1500,1500,1500,1500,1500,1500,1500,1500,1500,1500,1500,1500,1500,1500,1500,7.8
2024-11-12,14:41:45.330,66,5.2,1.22,0.0,31,0.0,-2,1,-1024,-7,-407,832,-1,-1,-1,-1,1,-1,-1,-1,0x000000000000000D,1516,1423,988,1499,1508,1500,1500,1500,1500,1500,1500,1500,1500,1500,1500,1500,1500,1500,1500,1500,1500,1500,1500,1500,1500,1500,1500,1500,1500,1500,1500,1500,7.9
2024-11-12,14:41:46.330,63,5.2,1.22,0.0,31,0.0,-2,1,-1024,-7,-407,832,-1,-1,-1,-1,1,-1,-1,-1,0x000000000000000D,1516,1423,988,1499,1508,1500,1500,1500,1500,1500,1500,1500,1500,1500,1500,1500,1500,1500,1500,1500,1500,1500,1500,1500,1500,1500,1500,1500,1500,1500,1500,1500,7.9
2024-11-12,14:41:47.330,68,5.2,1.22,0.0,31,0.0,-3,1,-1024,-7,-407,832,-1,-1,-1,-1,1,-1,-1,-1,0x000000000000000D,1516,1423,988,1499,1508,1500,1500,1500,1500,1500,1500,1500,1500,1500,1500,1500,1500,1500,1500,1500,1500,1500,1500,1500,1500,1500,1500,1500,1500,1500,1500,1500,7.9
2024-11-12,14:41:48.330,77,5.3,1.22,0.0,31,0.0,-3,0,-1024,-7,-406,833,-1,-1,-1,-1,1,-1,-1,-1,0x000000000000000D,1516,1424,988,1499,1508,1500,1500,1500,1500,1500,1500,1500,1500,1500,1500,1500,1500,1500,1500,1500,1500,1500,1500,1500,1500,1500,1500,1500,1500,1500,1500,1500,7.9
2024-11-12,14:41:49.330,79,5.3,1.22,0.0,31,0.0,-3,0,-1024,-7,-406,832,-1,-1,-1,-1,1,-1,-1,-1,0x000000000000000D,1516,1424,988,1499,1508,1500,1500,1500,1500,1500,1500,1500,1500,1500,1500,1500,1500,1500,1500,1500,1500,1500,1500,1500,1500,1500,1500,1500,1500,1500,1500,1500,7.9
2024-11-12,14:41:50.330,74,5.3,1.22,0.0,31,0.0,-3,1,-1024,-7,-406,832,-1,-1,-1,-1,1,-1,-1,-1,0x000000000000000D,1516,1423,988,1499,1508,1500,1500,1500,1500,1500,1500,1500,1500,1500,1500,1500,1500,1500,1500,1500,1500,1500,1500,1500,1500,1500,1500,1500,1500,1500,1500,1500,7.9
2024-11-12,14:41:51.330,75,5.3,1.22,0.0,31,0.0,-2,1,-1024,-7,-406,832,-1,-1,-1,-1,1,-1,-1,-1,0x000000000000000D,1516,1423,988,1499,1508,1500,1500,1500,1500,1500,1500,1500,1500,1500,1500,1500,1500,1500,1500,1500,1500,1500,1500,1500,1500,1500,1500,1500,1500,1500,1500,1500,7.9
2024-11-12,14:41:52.330,74,5.3,1.22,0.0,31,0.0,-2,1,-1024,-7,-407,832,-1,-1,-1,-1,1,-1,-1,-1,0x000000000000000D,1516,1423,988,1499,1508,1500,1500,1500,1500,1500,1500,1500,1500,1500,1500,1500,1500,1500,1500,1500,1500,1500,1500,1500,1500,1500,1500,1500,1500,1500,1500,1500,7.9
2024-11-12,14:41:53.330,76,5.3,1.22,0.0,31,0.0,-3,0,-1024,-7,-406,832,-1,-1,-1,-1,1,-1,-1,-1,0x000000000000000D,1516,1424,988,1499,1508,1500,1500,1500,1500,1500,1500,1500,1500,1500,1500,1500,1500,1500,1500,1500,1500,1500,1500,1500,1500,1500,1500,1500,1500,1500,1500,1500,7.9
2024-11-12,14:41:54.330,78,5.2,1.22,0.0,31,0.0,-3,0,-1024,-7,-406,832,-1,-1,-1,-1,1,-1,-1,-1,0x000000000000000D,1516,1424,988,1499,1508,1500,1500,1500,1500,1500,1500,1500,1500,1500,1500,1500,1500,1500,1500,1500,1500,1500,1500,1500,1500,1500,1500,1500,1500,1500,1500,1500,7.9
2024-11-12,14:41:55.330,79,5.2,1.22,0.0,31,0.0,-2,1,-1024,-7,-407,832,-1,-1,-1,-1,1,-1,-1,-1,0x000000000000000D,1516,1423,988,1499,1508,1500,1500,1500,1500,1500,1500,1500,1500,1500,1500,1500,1500,1500,1500,1500,1500,1500,1500,1500,1500,1500,1500,1500,1500,1500,1500,1500,7.9
2024-11-12,14:41:56.330,84,5.2,1.22,0.0,31,0.0,-3,1,-1024,-7,-406,832,-1,-1,-1,-1,1,-1,-1,-1,0x000000000000000D,1516,1423,988,1499,1508,1500,1500,1500,1500,1500,1500,1500,1500,1500,1500,1500,1500,1500,1500,1500,1500,1500,1500,1500,1500,1500,1500,1500,1500,1500,1500,1500,7.9
2024-11-12,14:41:57.330,85,5.3,1.22,0.0,31,0.0,-2,1,-1024,-7,-407,832,-1,-1,-1,-1,1,-1,-1,-1,0x000000000000000D,1516,1423,988,1499,1508,1500,1500,1500,1500,1500,1500,1500,1500,1500,1500,1500,1500,1500,1500,1500,1500,1500,1500,1500,1500,1500,1500,1500,1500,1500,1500,1500,7.9
2024-11-12,14:41:58.330,90,5.3,1.22,0.0,31,0.0,-3,0,-1024,-7,-407,832,-1,-1,-1,-1,1,-1,-1,-1,0x000000000000000D,1516,1424,988,1499,1508,1500,1500,1500,1500,1500,1500,1500,1500,1500,1500,1500,1500,1500,1500,1500,1500,1500,1500,1500,1500,1500,1500,1500,1500,1500,1500,1500,7.9
2024-11-12,14:41:59.330,93,5.3,1.22,0.0,31,0.0,-2,1,-1024,-7,-406,832,-1,-1,-1,-1,1,-1,-1,-1,0x000000000000000D,1516,1423,988,1499,1508,1500,1500,1500,1500,1500,1500,1500,1500,1500,1500,1500,1500,1500,1500,1500,1500,1500,1500,1500,1500,1500,1500,1500,1500,1500,1500,1500,7.9
2024-11-12,14:42:00.330,96,5.2,1.22,0.0,31,0.0,-3,1,-1024,-7,-406,832,-1,-1,-1,-1,1,-1,-1,-1,0x000000000000000D,1516,1423,988,1499,1508,1500,1500,1500,1500,1500,1500,1500,1500,1500,1500,1500,1500,1500,1500,1500,1500,1500,1500,1500,1500,1500,1500,1500,1500,1500,1500,1500,7.9
2024-11-12,14:42:01.330,91,5.2,1.22,0.0,31,0.0,-2,1,-1024,-7,-406,832,-1,-1,-1,-1,1,-1,-1,-1,0x000000000000000D,1516,1423,988,1499,1508,1500,1500,1500,1500,1500,1500,1500,1500,1500,1500,1500,1500,1500,1500,1500,1500,1500,1500,1500,1500,1500,1500,1500,1500,1500,1500,1500,7.9
2024-11-12,14:42:02.330,84,5.2,1.22,0.0,31,0.0,-4,1,-1024,-8,-407,832,-1,-1,-1,-1,1,-1,-1,-1,0x000000000000000D,1516,1423,988,1498,1508,1500,1500,1500,1500,1500,1500,1500,1500,1500,1500,1500,1500,1500,1500,1500,1500,1500,1500,1500,1500,1500,1500,1500,1500,1500,1500,1500,7.9
2024-11-12,14:42:03.330,70,5.2,1.22,0.0,31,0.0,-3,1,-1024,-7,-406,832,-1,-1,-1,-1,1,-1,-1,-1,0x000000000000000D,1516,1423,988,1499,1508,1500,1500,1500,1500,1500,1500,1500,1500,1500,1500,1500,1500,1500,1500,1500,1500,1500,1500,1500,1500,1500,1500,1500,1500,1500,1500,1500,7.9
2024-11-12,14:42:04.330,86,5.2,1.22,0.0,31,0.0,-3,0,-1024,-7,-406,832,-1,-1,-1,-1,1,-1,-1,-1,0x000000000000000D,1516,1424,988,1499,1508,1500,1500,1500,1500,1500,1500,1500,1500,1500,1500,1500,1500,1500,1500,1500,1500,1500,1500,1500,1500,1500,1500,1500,1500,1500,1500,1500,7.9
2024-11-12,14:42:05.330,101,5.2,1.22,0.0,31,0.0,-2,1,-1024,-7,-406,832,-1,-1,-1,-1,1,-1,-1,-1,0x000000000000000D,1516,1423,988,1499,1508,1500,1500,1500,1500,1500,1500,1500,1500,1500,1500,1500,1500,1500,1500,1500,1500,1500,1500,1500,1500,1500,1500,1500,1500,1500,1500,1500,7.9
2024-11-12,14:42:06.330,92,5.2,1.22,0.0,31,0.0,-3,1,-1024,-7,-406,832,-1,-1,-1,-1,1,-1,-1,-1,0x000000000000000D,1516,1423,988,1499,1508,1500,1500,1500,1500,1500,1500,1500,1500,1500,1500,1500,1500,1500,1500,1500,1500,1500,1500,1500,1500,1500,1500,1500,1500,1500,1500,1500,7.9
2024-11-12,14:42:07.330,87,5.2,1.22,0.0,31,0.0,-3,1,-1024,-7,-407,832,-1,-1,-1,-1,1,-1,-1,-1,0x000000000000000D,1516,1423,988,1499,1508,1500,1500,1500,1500,1500,1500,1500,1500,1500,1500,1500,1500,1500,1500,1500,1500,1500,1500,1500,1500,1500,1500,1500,1500,1500,1500,1500,7.9
2024-11-12,14:42:08.330,100,5.2,1.22,0.0,31,0.0,-3,0,-1024,-7,-406,832,-1,-1,-1,-1,1,-1,-1,-1,0x000000000000000D,1516,1424,988,1499,1508,1500,1500,1500,1500,1500,1500,1500,1500,1500,1500,1500,1500,1500,1500,1500,1500,1500,1500,1500,1500,1500,1500,1500,1500,1500,1500,1500,7.9
2024-11-12,14:42:09.330,89,5.2,1.22,0.0,31,0.0,-3,0,-1024,-7,-406,832,-1,-1,-1,-1,1,-1,-1,-1,0x000000000000000D,1516,1424,988,1499,1508,1500,1500,1500,1500,1500,1500,1500,1500,1500,1500,1500,1500,1500,1500,1500,1500,1500,1500,1500,1500,1500,1500,1500,1500,1500,1500,1500,7.9
2024-11-12,14:42:10.330,98,5.2,1.22,0.0,31,0.0,-3,1,-1024,-7,-407,832,-1,-1,-1,-1,1,-1,-1,-1,0x000000000000000D,1516,1423,988,1499,1508,1500,1500,1500,1500,1500,1500,1500,1500,1500,1500,1500,1500,1500,1500,1500,1500,1500,1500,1500,1500,1500,1500,1500,1500,1500,1500,1500,7.9
2024-11-12,14:42:11.330,102,5.2,1.22,0.0,31,0.0,-3,0,-1024,-7,-406,832,-1,-1,-1,-1,1,-1,-1,-1,0x000000000000000D,1516,1424,988,1499,1508,1500,1500,1500,1500,1500,1500,1500,1500,1500,1500,1500,1500,1500,1500,1500,1500,1500,1500,1500,1500,1500,1500,1500,1500,1500,1500,1500,7.9
2024-11-12,14:42:12.330,83,5.3,1.22,0.0,31,0.0,-3,1,-1024,-7,-406,832,-1,-1,-1,-1,1,-1,-1,-1,0x000000000000000D,1516,1423,988,1499,1508,1500,1500,1500,1500,1500,1500,1500,1500,1500,1500,1500,1500,1500,1500,1500,1500,1500,1500,1500,1500,1500,1500,1500,1500,1500,1500,1500,7.9
2024-11-12,14:42:13.330,96,5.3,1.22,0.0,31,0.0,-3,1,-1024,-7,-406,832,-1,-1,-1,-1,1,-1,-1,-1,0x000000000000000D,1516,1423,988,1499,1508,1500,1500,1500,1500,1500,1500,1500,1500,1500,1500,1500,1500,1500,1500,1500,1500,1500,1500,1500,1500,1500,1500,1500,1500,1500,1500,1500,7.9
2024-11-12,14:42:14.330,100,5.3,1.22,0.0,31,0.0,-3,0,-1024,-7,-406,832,-1,-1,-1,-1,1,-1,-1,-1,0x000000000000000D,1516,1424,988,1499,1508,1500,1500,1500,1500,1500,1500,1500,1500,1500,1500,1500,1500,1500,1500,1500,1500,1500,1500,1500,1500,1500,1500,1500,1500,1500,1500,1500,7.9
2024-11-12,14:42:15.330,94,5.3,1.22,0.0,31,0.0,-3,0,-1024,-7,-406,832,-1,-1,-1,-1,1,-1,-1,-1,0x000000000000000D,1516,1424,988,1499,1508,1500,1500,1500,1500,1500,1500,1500,1500,1500,1500,1500,1500,1500,1500,1500,1500,1500,1500,1500,1500,1500,1500,1500,1500,1500,1500,1500,7.9
2024-11-12,14:42:16.330,97,5.3,1.22,0.0,31,0.0,-3,1,-1024,-7,-407,832,-1,-1,-1,-1,1,-1,-1,-1,0x000000000000000D,1516,1423,988,1499,1508,1500,1500,1500,1500,1500,1500,1500,1500,1500,1500,1500,1500,1500,1500,1500,1500,1500,1500,1500,1500,1500,1500,1500,1500,1500,1500,1500,7.9
2024-11-12,14:42:17.330,98,5.3,1.22,0.0,31,0.0,-3,0,-1024,-7,-407,832,-1,-1,-1,-1,1,-1,-1,-1,0x000000000000000D,1516,1424,988,1499,1508,1500,1500,1500,1500,1500,1500,1500,1500,1500,1500,1500,1500,1500,1500,1500,1500,1500,1500,1500,1500,1500,1500,1500,1500,1500,1500,1500,7.9
2024-11-12,14:42:18.330,96,5.3,1.22,0.0,31,0.0,-3,0,-1024,-7,-406,832,-1,-1,-1,-1,1,-1,-1,-1,0x000000000000000D,1516,1424,988,1499,1508,1500,1500,1500,1500,1500,1500,1500,1500,1500,1500,1500,1500,1500,1500,1500,1500,1500,1500,1500,1500,1500,1500,1500,1500,1500,1500,1500,7.9
2024-11-12,14:42:19.330,97,5.2,1.22,0.0,31,0.0,-3,0,-1024,-7,-406,832,-1,-1,-1,-1,1,-1,-1,-1,0x000000000000000D,1516,1424,988,1499,1508,1500,1500,1500,1500,1500,1500,1500,1500,1500,1500,1500,1500,1500,1500,1500,1500,1500,1500,1500,1500,1500,1500,1500,1500,1500,1500,1500,7.9
2024-11-12,14:42:20.330,96,5.2,1.22,0.0,31,0.0,-3,0,-1024,-7,-406,832,-1,-1,-1,-1,1,-1,-1,-1,0x000000000000000D,1516,1424,988,1499,1508,1500,1500,1500,1500,1500,1500,1500,1500,1500,1500,1500,1500,1500,1500,1500,1500,1500,1500,1500,1500,1500,1500,1500,1500,1500,1500,1500,7.9
2024-11-12,14:42:21.330,103,5.2,1.22,0.0,31,0.0,-3,1,-1024,-7,-406,832,-1,-1,-1,-1,1,-1,-1,-1,0x000000000000000D,1516,1423,988,1499,1508,1500,1500,1500,1500,1500,1500,1500,1500,1500,1500,1500,1500,1500,1500,1500,1500,1500,1500,1500,1500,1500,1500,1500,1500,1500,1500,1500,7.9
2024-11-12,14:42:22.330,97,5.2,1.22,0.0,31,0.0,-3,1,-1024,-7,-406,832,-1,-1,-1,-1,1,-1,-1,-1,0x000000000000000D,1516,1423,988,1499,1508,1500,1500,1500,1500,1500,1500,1500,1500,1500,1500,1500,1500,1500,1500,1500,1500,1500,1500,1500,1500,1500,1500,1500,1500,1500,1500,1500,7.9
2024-11-12,14:42:23.330,97,5.2,1.22,0.0,31,0.0,-3,1,-1024,-7,-406,832,-1,-1,-1,-1,1,-1,-1,-1,0x000000000000000D,1516,1423,988,1499,1508,1500,1500,1500,1500,1500,1500,1500,1500,1500,1500,1500,1500,1500,1500,1500,1500,1500,1500,1500,1500,1500,1500,1500,1500,1500,1500,1500,7.9
2024-11-12,14:42:24.330,95,5.2,1.22,0.0,31,0.0,-3,1,-1024,-7,-406,832,-1,-1,-1,-1,1,-1,-1,-1,0x000000000000000D,1516,1423,988,1499,1508,1500,1500,1500,1500,1500,1500,1500,1500,1500,1500,1500,1500,1500,1500,1500,1500,1500,1500,1500,1500,1500,1500,1500,1500,1500,1500,1500,7.9
2024-11-12,14:42:25.330,99,5.2,1.22,0.0,31,0.0,-3,1,-1024,-7,-406,832,-1,-1,-1,-1,1,-1,-1,-1,0x000000000000000D,1516,1423,988,1499,1508,1500,1500,1500,1500,1500,1500,1500,1500,1500,1500,1500,1500,1500,1500,1500,1500,1500,1500,1500,1500,1500,1500,1500,1500,1500,1500,1500,7.9
2024-11-12,14:42:26.330,91,5.2,1.22,0.0,31,0.0,-3,1,-1024,-7,-406,832,-1,-1,-1,-1,1,-1,-1,-1,0x000000000000000D,1516,1423,988,1499,1508,1500,1500,1500,1500,1500,1500,1500,1500,1500,1500,1500,1500,1500,1500,1500,1500,1500,1500,1500,1500,1500,1500,1500,1500,1500,1500,1500,7.9
2024-11-12,14:42:27.330,96,5.2,1.22,0.0,31,0.0,-3,1,-1024,-7,-406,832,-1,-1,-1,-1,1,-1,-1,-1,0x000000000000000D,1516,1423,988,1499,1508,1500,1500,1500,1500,1500,1500,1500,1500,1500,1500,1500,1500,1500,1500,1500,1500,1500,1500,1500,1500,1500,1500,1500,1500,1500,1500,1500,7.9
2024-11-12,14:42:28.330,95,5.2,1.22,0.0,31,0.0,-3,0,-1024,-7,-406,832,-1,-1,-1,-1,1,-1,-1,-1,0x000000000000000D,1516,1424,988,1499,1508,1500,1500,1500,1500,1500,1500,1500,1500,1500,1500,1500,1500,1500,1500,1500,1500,1500,1500,1500,1500,1500,1500,1500,1500,1500,1500,1500,7.9
2024-11-12,14:42:29.330,93,5.2,1.22,0.0,31,0.0,-3,0,-1024,-7,-406,832,-1,-1,-1,-1,1,-1,-1,-1,0x000000000000000D,1516,1424,988,1499,1508,1500,1500,1500,1500,1500,1500,1500,1500,1500,1500,1500,1500,1500,1500,1500,1500,1500,1500,1500,1500,1500,1500,1500,1500,1500,1500,1500,7.9
2024-11-12,14:42:30.330,93,5.2,1.22,0.0,31,0.0,-3,1,-1024,-7,-407,832,-1,-1,-1,-1,1,-1,-1,-1,0x000000000000000D,1516,1423,988,1499,1508,1500,1500,1500,1500,1500,1500,1500,1500,1500,1500,1500,1500,1500,1500,1500,1500,1500,1500,1500,1500,1500,1500,1500,1500,1500,1500,1500,7.9
2024-11-12,14:42:31.330,99,5.3,1.22,0.0,31,0.0,-3,0,-1024,-7,-406,832,-1,-1,-1,-1,1,-1,-1,-1,0x000000000000000D,1516,1424,988,1499,1508,1500,1500,1500,1500,1500,1500,1500,1500,1500,1500,1500,1500,1500,1500,1500,1500,1500,1500,1500,1500,1500,1500,1500,1500,1500,1500,1500,7.9
2024-11-12,14:42:32.330,99,5.3,1.22,0.0,31,0.0,-3,0,-1024,-7,-406,832,-1,-1,-1,-1,1,-1,-1,-1,0x000000000000000D,1516,1424,988,1499,1508,1500,1500,1500,1500,1500,1500,1500,1500,1500,1500,1500,1500,1500,1500,1500,1500,1500,1500,1500,1500,1500,1500,1500,1500,1500,1500,1500,7.9
2024-11-12,14:42:33.330,96,5.3,1.22,0.0,31,0.0,-3,0,-1024,-7,-407,832,-1,-1,-1,-1,1,-1,-1,-1,0x000000000000000D,1516,1424,988,1499,1508,1500,1500,1500,1500,1500,1500,1500,1500,1500,1500,1500,1500,1500,1500,1500,1500,1500,1500,1500,1500,1500,1500,1500,1500,1500,1500,1500,7.9
2024-11-12,14:42:34.330,90,5.3,1.22,0.0,31,0.0,-3,0,-1024,-7,-407,832,-1,-1,-1,-1,1,-1,-1,-1,0x000000000000000D,1516,1424,988,1499,1508,1500,1500,1500,1500,1500,1500,1500,1500,1500,1500,1500,1500,1500,1500,1500,1500,1500,1500,1500,1500,1500,1500,1500,1500,1500,1500,1500,7.9
2024-11-12,14:42:35.330,101,5.3,1.22,0.0,31,0.0,-3,1,-1024,-6,-407,832,-1,-1,-1,-1,1,-1,-1,-1,0x000000000000000D,1517,1423,988,1499,1508,1500,1500,1500,1500,1500,1500,1500,1500,1500,1500,1500,1500,1500,1500,1500,1500,1500,1500,1500,1500,1500,1500,1500,1500,1500,1500,1500,7.9
2024-11-12,14:42:36.330,96,5.2,1.22,0.0,31,0.0,-3,0,-1024,-7,-406,832,-1,-1,-1,-1,1,-1,-1,-1,0x000000000000000D,1516,1424,988,1499,1508,1500,1500,1500,1500,1500,1500,1500,1500,1500,1500,1500,1500,1500,1500,1500,1500,1500,1500,1500,1500,1500,1500,1500,1500,1500,1500,1500,7.9
2024-11-12,14:42:37.330,101,5.2,1.22,0.0,31,0.0,-4,0,-1024,-7,-407,832,-1,-1,-1,-1,1,-1,-1,-1,0x000000000000000D,1516,1424,988,1498,1508,1500,1500,1500,1500,1500,1500,1500,1500,1500,1500,1500,1500,1500,1500,1500,1500,1500,1500,1500,1500,1500,1500,1500,1500,1500,1500,1500,7.9
2024-11-12,14:42:38.330,97,5.2,1.22,0.0,31,0.0,-3,1,-1024,-7,-406,832,-1,-1,-1,-1,1,-1,-1,-1,0x000000000000000D,1516,1423,988,1499,1508,1500,1500,1500,1500,1500,1500,1500,1500,1500,1500,1500,1500,1500,1500,1500,1500,1500,1500,1500,1500,1500,1500,1500,1500,1500,1500,1500,7.9
2024-11-12,14:42:39.330,94,5.2,1.22,0.0,31,0.0,-4,1,-1024,-7,-406,832,-1,-1,-1,-1,1,-1,-1,-1,0x000000000000000D,1516,1423,988,1499,1508,1500,1500,1500,1500,1500,1500,1500,1500,1500,1500,1500,1500,1500,1500,1500,1500,1500,1500,1500,1500,1500,1500,1500,1500,1500,1500,1500,7.9
2024-11-12,14:42:40.330,103,5.2,1.22,0.0,31,0.0,-3,1,-1024,-7,-407,832,-1,-1,-1,-1,1,-1,-1,-1,0x000000000000000D,1516,1423,988,1499,1508,1500,1500,1500,1500,1500,1500,1500,1500,1500,1500,1500,1500,1500,1500,1500,1500,1500,1500,1500,1500,1500,1500,1500,1500,1500,1500,1500,7.9
2024-11-12,14:42:41.330,95,5.2,1.22,0.0,31,0.0,-3,1,-1024,-7,-406,832,-1,-1,-1,-1,1,-1,-1,-1,0x000000000000000D,1516,1423,988,1499,1508,1500,1500,1500,1500,1500,1500,1500,1500,1500,1500,1500,1500,1500,1500,1500,1500,1500,1500,1500,1500,1500,1500,1500,1500,1500,1500,1500,7.9
2024-11-12,14:42:42.330,92,5.2,1.22,0.0,31,0.0,-3,0,-1024,-7,-406,832,-1,-1,-1,-1,1,-1,-1,-1,0x000000000000000D,1516,1424,988,1499,1508,1500,1500,1500,1500,1500,1500,1500,1500,1500,1500,1500,1500,1500,1500,1500,1500,1500,1500,1500,1500,1500,1500,1500,1500,1500,1500,1500,7.9
2024-11-12,14:42:43.330,101,5.2,1.22,0.0,31,0.0,-3,0,-1024,-7,-406,832,-1,-1,-1,-1,1,-1,-1,-1,0x000000000000000D,1516,1424,988,1499,1508,1500,1500,1500,1500,1500,1500,1500,1500,1500,1500,1500,1500,1500,1500,1500,1500,1500,1500,1500,1500,1500,1500,1500,1500,1500,1500,1500,7.9
2024-11-12,14:42:44.330,94,5.2,1.22,0.0,31,0.0,-3,1,-1024,-7,-406,832,-1,-1,-1,-1,1,-1,-1,-1,0x000000000000000D,1516,1423,988,1499,1508,1500,1500,1500,1500,1500,1500,1500,1500,1500,1500,1500,1500,1500,1500,1500,1500,1500,1500,1500,1500,1500,1500,1500,1500,1500,1500,1500,7.9
2024-11-12,14:42:45.330,94,5.2,1.22,0.0,31,0.0,-3,1,-1024,-7,-407,832,-1,-1,-1,-1,1,-1,-1,-1,0x000000000000000D,1516,1423,988,1499,1508,1500,1500,1500,1500,1500,1500,1500,1500,1500,1500,1500,1500,1500,1500,1500,1500,1500,1500,1500,1500,1500,1500,1500,1500,1500,1500,1500,7.9
2024-11-12,14:42:46.330,91,5.2,1.22,0.0,31,0.0,-3,1,-1024,-8,-406,832,-1,-1,-1,-1,1,-1,-1,-1,0x000000000000000D,1516,1423,988,1499,1508,1500,1500,1500,1500,1500,1500,1500,1500,1500,1500,1500,1500,1500,1500,1500,1500,1500,1500,1500,1500,1500,1500,1500,1500,1500,1500,1500,7.9
2024-11-12,14:42:47.330,89,5.2,1.22,0.0,31,0.0,-3,1,-1024,-7,-407,832,-1,-1,-1,-1,1,-1,-1,-1,0x000000000000000D,1516,1423,988,1499,1508,1500,1500,1500,1500,1500,1500,1500,1500,1500,1500,1500,1500,1500,1500,1500,1500,1500,1500,1500,1500,1500,1500,1500,1500,1500,1500,1500,7.9
2024-11-12,14:42:48.330,97,5.3,1.22,0.0,31,0.0,-3,1,-1024,-7,-406,832,-1,-1,-1,-1,1,-1,-1,-1,0x000000000000000D,1516,1423,988,1499,1508,1500,1500,1500,1500,1500,1500,1500,1500,1500,1500,1500,1500,1500,1500,1500,1500,1500,1500,1500,1500,1500,1500,1500,1500,1500,1500,1500,7.9
2024-11-12,14:42:49.330,97,5.3,1.22,0.0,31,0.0,-3,1,-1024,-7,-406,832,-1,-1,-1,-1,1,-1,-1,-1,0x000000000000000D,1516,1423,988,1499,1508,1500,1500,1500,1500,1500,1500,1500,1500,1500,1500,1500,1500,1500,1500,1500,1500,1500,1500,1500,1500,1500,1500,1500,1500,1500,1500,1500,7.9
2024-11-12,14:42:50.330,93,5.2,1.22,0.0,31,0.0,-3,1,-1024,-7,-406,832,-1,-1,-1,-1,1,-1,-1,-1,0x000000000000000D,1516,1423,988,1499,1508,1500,1500,1500,1500,1500,1500,1500,1500,1500,1500,1500,1500,1500,1500,1500,1500,1500,1500,1500,1500,1500,1500,1500,1500,1500,1500,1500,7.9
2024-11-12,14:42:51.330,93,5.2,1.22,0.0,31,0.0,-3,1,-1024,-8,-406,832,-1,-1,-1,-1,1,-1,-1,-1,0x000000000000000D,1516,1423,988,1499,1508,1500,1500,1500,1500,1500,1500,1500,1500,1500,1500,1500,1500,1500,1500,1500,1500,1500,1500,1500,1500,1500,1500,1500,1500,1500,1500,1500,7.9
2024-11-12,14:42:52.330,93,5.2,1.22,0.0,31,0.0,-3,1,-1024,-8,-406,832,-1,-1,-1,-1,1,-1,-1,-1,0x000000000000000D,1516,1423,988,1499,1508,1500,1500,1500,1500,1500,1500,1500,1500,1500,1500,1500,1500,1500,1500,1500,1500,1500,1500,1500,1500,1500,1500,1500,1500,1500,1500,1500,7.9
